ID,类型,类型枚举,子类型,装备部位,名称(简中),名称(繁中),名称(英文),名称(日文),名称(韩文),描述(简中),描述(繁中),描述(英文),简短描述(简中),买价,卖价,积分价,堆叠上限,职业限制,物品标记,技能ID,图标,排序分类,掉落率,Group,NameId,ItemTipId,属性:Str,属性:Dex,属性:Mind,属性:Con,属性:MaxHp,属性:MaxMp,属性:Defense,属性:Stamina,属性:Speed,属性:Move,属性:PhysicalAttack,属性:MagicAttack,属性:FireRes,属性:WaterRes,属性:AirRes,属性:EarthRes,属性:MindRes,属性:IgnoreResist,属性:PhysicalHitRatio,属性:MagicHitRatio,属性:AttackRange,属性:StaminaRatio,属性:MpCostRatio,属性:DodgeRatio,属性:AttackBackRatio,属性:CriticalRatio,属性:StealRatio,属性:ExpRatio,属性:GoldRatio,属性:PhysicalDR,属性:FireDR,属性:WaterDR,属性:AirDR,属性:EarthDR,属性:MindDR,属性:PhysicalRatio,属性:DefenseRatio,属性:AtkDamageRatio,属性:DefDamageRatio,属性:MaxHPRatio,属性:MaxMPRatio
1,装备,Equip,Sword,Weapon,长刀,長刀,Greatblade,長刀,장도,攻击力+15／命中:96%#职业限制:剑士、魔剑士,攻擊力+15／命中:96%#職業限制:劍士、魔劍士,"ATK+15／HIT:96%#Class:Swordsman, Spellblade",攻击力+15／命中:96%#职业限制:剑士、魔剑士,200,100,0,999,SwordMan|SwordMaster|SwordKing|MagicSwordMan|DarkSwordMan|DarkBladePrincess,NotUse,1000,"item_1,item_icon_001",0,0,0,2584,12000,0,0,0,0,0,0,0,0,0,0,15,0,0,0,0,0,0,0,0,0,0,0,0,0,0,0,0,0,0,0,0,0,0,0,0,0,0,0,0,0,0
2,装备,Equip,Sword,Weapon,斧剑,斧劍,Axe Sword,斧剣,도끼검,攻击力+23／命中:98%#职业限制:剑士#敏捷-2,攻擊力+23／命中:98%#職業限制:劍士#敏捷-2,ATK+23／HIT:98%#Class:Swordsman#Speed-2,攻击力+23／命中:98%#职业限制:剑士#敏捷-2,500,250,0,999,SwordMan|SwordMaster|SwordKing,NotUse,1001,"item_1,item_icon_002",0,0,0,2585,12001,0,0,0,0,0,0,0,0,-2,0,23,0,0,0,0,0,0,0,0,0,0,0,0,0,0,0,0,0,0,0,0,0,0,0,0,0,0,0,0,0,0
3,装备,Equip,Sword,Weapon,银剑,銀劍,Silver Sword,銀の剣,은검,攻击力+28／魔击力+5%／命中:94%#职业限制:剑士、魔剑士,攻擊力+28／魔擊力+5%／命中:94%#職業限制:劍士、魔劍士,"ATK+28／MAG ATK+5%／HIT:94%#Class:Swordsman, Spellblade",攻击力+28／魔击力+5%／命中:94%#职业限制:剑士、魔剑士,1200,600,0,999,SwordMan|SwordMaster|SwordKing|MagicSwordMan|DarkSwordMan|DarkBladePrincess,NotUse,1002,"item_1,item_icon_003",0,0,0,224,12002,0,0,0,0,0,0,0,0,0,0,28,5,0,0,0,0,0,0,0,0,0,0,0,0,0,0,0,0,0,0,0,0,0,0,0,0,0,0,0,0,0
4,装备,Equip,Sword,Weapon,水晶剑,水晶劍,Crystal Sword,水晶の剣,수정검,攻击力+36／命中:90%#职业限制:剑士、魔剑士,攻擊力+36／命中:90%#職業限制:劍士、魔劍士,"ATK+36／HIT:90%#Class:Swordsman, Spellblade",攻击力+36／命中:90%#职业限制:剑士、魔剑士,1800,900,0,999,SwordMan|SwordMaster|SwordKing|MagicSwordMan|DarkSwordMan|DarkBladePrincess,NotUse,1003,"item_1,item_icon_004",0,0,0,225,12003,0,0,0,0,0,0,0,0,0,0,36,0,0,0,0,0,0,0,0,0,0,0,0,0,0,0,0,0,0,0,0,0,0,0,0,0,0,0,0,0,0
5,装备,Equip,Sword,Weapon,霸者之剑,霸者之劍,Conqueror's Blade,覇者の剣,패왕검,攻击力+42／命中:92%#防+3#职业限制:剑士、魔剑士,攻擊力+42／命中:92%#防+3#職業限制:劍士、魔劍士,"ATK+42／HIT:92%#DEF+3#Class:Swordsman, Spellblade",攻击力+42／命中:92%#防+3#职业限制:剑士、魔剑士,2400,1200,0,999,SwordMan|SwordMaster|SwordKing|MagicSwordMan|DarkSwordMan|DarkBladePrincess,NotUse,1004,"item_1,item_icon_005",0,0,0,226,12004,0,0,0,0,0,0,3,0,0,0,42,0,0,0,0,0,0,0,0,0,0,0,0,0,0,0,0,0,0,0,0,0,0,0,0,0,0,0,0,0,0
6,装备,Equip,Sword,Weapon,名剑  狂岚,名劍  狂嵐,Master Sword Gale,名剣「狂嵐」,명검 광풍,攻击力+52／命中:96%#风属伤害:5~10#职业限制:剑士,攻擊力+52／命中:96%#風屬傷害:5~10#職業限制:劍士,ATK+52／HIT:96%#Wind DMG:5~10#Class:Swordsman,攻击力+52／命中:96%#风属伤害:5~10#职业限制:剑士,4000,2000,0,999,SwordMan|SwordMaster|SwordKing,NotUse,1005,"item_1,item_icon_006",0,0,0,227,12005,0,0,0,0,0,0,0,0,0,0,52,0,0,0,0,0,0,0,0,0,0,0,0,0,0,0,0,0,0,0,0,0,0,0,0,0,0,0,0,0,0
7,装备,Equip,Sword,Weapon,死灵血刃,死靈血刃,Necrotic Bloodblade,死霊の血刃,사령혈도,攻击力+68／命中:90%#防-5#爆击率+10%#职业限制:剑士、魔剑士,攻擊力+68／命中:90%#防-5#爆擊率+10%#職業限制:劍士、魔劍士,"ATK+68／HIT:90%#DEF-5#Crit Rate+10%#Class:Swordsman, Spellblade",攻击力+68／命中:90%#防-5#爆击率+10%#职业限制:剑士、魔剑士,4200,2100,0,999,SwordMan|SwordMaster|SwordKing|MagicSwordMan|DarkSwordMan|DarkBladePrincess,NotUse,1006,"item_1,item_icon_007",0,0,0,241,12006,0,0,0,0,0,0,-5,0,0,0,68,0,0,0,0,0,0,0,0,0,0,0,0,0,0,10,0,0,0,0,0,0,0,0,0,0,0,0,0,0,0
8,装备,Equip,Sword,Weapon,炎魔剑,炎魔劍,Flame Demon Sword,炎魔の剣,염마검,攻击力+80／魔击力+8%／命中:94%#火属伤害5~10#职业限制:剑士、魔剑士,攻擊力+80／魔擊力+8%／命中:94%#火屬傷害5~10#職業限制:劍士、魔劍士,"ATK+80／MAG ATK+8%／HIT:94%#Fire DMG:5~10#Class:Swordsman, Spellblade",攻击力+80／魔击力+8%／命中:94%#火属伤害5~10#职业限制:剑士、魔剑士,6000,3000,0,999,SwordMan|SwordMaster|SwordKing|MagicSwordMan|DarkSwordMan|DarkBladePrincess,NotUse,1007,"item_1,item_icon_008",0,0,0,310,12007,0,0,0,0,0,0,0,0,0,0,80,8,0,0,0,0,0,0,0,0,0,0,0,0,0,0,0,0,0,0,0,0,0,0,0,0,0,0,0,0,0
9,装备,Equip,Sword,Weapon,雷神剑,雷神劍,Thunderblade,雷神の剣,뇌신검,攻击力+95／命中:96%#风属伤害:12~18#职业限制:魔剑士,攻擊力+95／命中:96%#風屬傷害:12~18#職業限制:魔劍士,ATK+95／HIT:96%#Wind DMG:12~18#Class:Spellblade,攻击力+95／命中:96%#风属伤害:12~18#职业限制:魔剑士,8000,4000,0,999,MagicSwordMan|DarkSwordMan|DarkBladePrincess,NotUse,1008,"item_1,item_icon_009",0,0,0,118,12008,0,0,0,0,0,0,0,0,0,0,95,0,0,0,0,0,0,0,0,0,0,0,0,0,0,0,0,0,0,0,0,0,0,0,0,0,0,0,0,0,0
10,装备,Equip,Sword,Weapon,圣纹之剑,聖紋之劍,Sacred Runeblade,聖紋の剣,성자의 검,攻击力+110／魔击力+10%／命中:98%#防+15#攻击范围+1#职业限制:剑士、魔剑士,攻擊力+110／魔擊力+10%／命中:98%#防+15#攻擊範圍+1#職業限制:劍士、魔劍士,"ATK+110／MAG ATK+10%／HIT:98%#DEF+15#Attack Range+1#Class:Swordsman, Spellblade",攻击力+110／魔击力+10%／命中:98%#防+15#攻击范围+1#职业限制:剑士、魔剑士,16000,8000,0,999,SwordMan|SwordMaster|SwordKing|MagicSwordMan|DarkSwordMan|DarkBladePrincess,NotUse,1009,"item_1,item_icon_010",0,0,0,119,12009,0,0,0,0,0,0,15,0,0,0,110,10,0,0,0,0,0,0,0,0,0,0,0,0,0,0,0,0,0,0,0,0,0,0,0,0,0,0,0,0,0
11,装备,Equip,Sword,Weapon,妖刀  鬼哭,妖刀  鬼哭,Demon Blade Wail,妖刀「鬼哭」,요도 귀곡,攻击力+130／命中:90%#心灵伤害5~10#职业限制:魔剑士,攻擊力+130／命中:90%#心靈傷害5~10#職業限制:魔劍士,ATK+130／HIT:90%#Mind DMG:5~10#Class:Spellblade,攻击力+130／命中:90%#心灵伤害5~10#职业限制:魔剑士,20000,10000,0,999,MagicSwordMan|DarkSwordMan|DarkBladePrincess,NotUse,1010,"item_1,item_icon_011",0,0,0,410,12010,0,0,0,0,0,0,0,0,0,0,130,0,0,0,0,0,0,0,0,0,0,0,0,0,0,0,0,0,0,0,0,0,0,0,0,0,0,0,0,0,0
12,装备,Equip,Sword,Weapon,极光之剑,極光之劍,Aurora Blade,極光の剣,오로라의 검,攻击力+37／命中:94%#敏捷+20#连续攻击#职业限制:剑士、魔剑士,攻擊力+37／命中:94%#敏捷+20#連續攻擊#職業限制:劍士、魔劍士,"ATK+37／HIT:94%#Speed+20#Consecutive Attack#Class:Swordsman, Spellblade",攻击力+37／命中:94%#敏捷+20#连续攻击#职业限制:剑士、魔剑士,12000,6000,0,999,SwordMan|SwordMaster|SwordKing|MagicSwordMan|DarkSwordMan|DarkBladePrincess,NotUse,1011|10111,"item_1,item_icon_012",0,0,0,411,12011,0,0,0,0,0,0,0,0,20,0,37,0,0,0,0,0,0,0,0,0,0,0,0,0,0,0,0,0,0,0,0,0,0,0,0,0,0,0,0,0,0
13,装备,Equip,Sword,Weapon,魔剑  天逝,魔劍  天逝,Spellblade Heavensfall,魔剣「天逝」,마검 천서,攻击力+150／魔击力+15%／命中:98%#攻击范围+1#职业限制:剑士、魔剑士,攻擊力+150／魔擊力+15%／命中:98%#攻擊範圍+1#職業限制:劍士、魔劍士,"ATK+150／MAG ATK+15%／HIT:98%#Attack Range+1#Class:Swordsman, Spellblade",攻击力+150／魔击力+15%／命中:98%#攻击范围+1#职业限制:剑士、魔剑士,30000,15000,0,999,SwordMan|SwordMaster|SwordKing|MagicSwordMan|DarkSwordMan|DarkBladePrincess,NotUse,1012,"item_1,item_icon_013",0,0,0,412,12012,0,0,0,0,0,0,0,0,0,0,150,15,0,0,0,0,0,0,0,0,0,0,0,0,0,0,0,0,0,0,0,0,0,0,0,0,0,0,0,0,0
14,装备,Equip,Sword,Weapon,龙牙,龍牙,Dragontooth,龍の牙,용의 이빨,攻击力+182／魔击力+8%／命中:90%#防+10／敏捷+5#职业限制:剑士,攻擊力+182／魔擊力+8%／命中:90%#防+10／敏捷+5#職業限制:劍士,ATK+182／MAG ATK+8%／HIT:90%#DEF+10／Speed+5#Class:Swordsman,攻击力+182／魔击力+8%／命中:90%#防+10／敏捷+5#职业限制:剑士,36000,18000,0,999,SwordMan|SwordMaster|SwordKing,NotUse,1013,"item_1,item_icon_014",0,0,0,413,12013,0,0,0,0,0,0,10,0,5,0,182,8,0,0,0,0,0,0,0,0,0,0,0,0,0,0,0,0,0,0,0,0,0,0,0,0,0,0,0,0,0
15,装备,Equip,Sword,Weapon,暗黑剑  忌魂,暗黑劍  忌魂,Darksword Bane,暗黒剣「忌魂」,암흑검 기혼,攻击力+200／魔击力+20%／命中:98%#防-10#攻击范围+1#职业限制:魔剑士,攻擊力+200／魔擊力+20%／命中:98%#防-10#攻擊範圍+1#職業限制:魔劍士,ATK+200／MAG ATK+20%／HIT:98%#DEF-10#Attack Range+1#Class:Spellblade,攻击力+200／魔击力+20%／命中:98%#防-10#攻击范围+1#职业限制:魔剑士,48000,24000,0,999,MagicSwordMan|DarkSwordMan|DarkBladePrincess,NotUse,1014,"item_1,item_icon_015",0,0,0,414,12014,0,0,0,0,0,0,-10,0,0,0,200,20,0,0,0,0,0,0,0,0,0,0,0,0,0,0,0,0,0,0,0,0,0,0,0,0,0,0,0,0,0
16,装备,Equip,Sword,Weapon,圣剑  希鲁达,聖劍  希魯達,Hallowblade Hilda,聖剣「ヒルダ」,성검 힐다,攻击力+220／命中:94%#防+20／反击率+10%#职业限制:剑士,攻擊力+220／命中:94%#防+20／反擊率+10%#職業限制:劍士,ATK+220／HIT:94%#DEF+20／Counter Rate+10%#Class:Swordsman,攻击力+220／命中:94%#防+20／反击率+10%#职业限制:剑士,56000,28000,0,999,SwordMan|SwordMaster|SwordKing,NotUse,1015,"item_1,item_icon_016",0,0,0,415,12015,0,0,0,0,0,0,20,0,0,0,220,0,0,0,0,0,0,0,0,0,0,0,0,0,10,0,0,0,0,0,0,0,0,0,0,0,0,0,0,0,0
17,装备,Equip,Sword,Weapon,辉煌之器,輝煌之器,Radiant Relic,輝煌の器,찬란한 그릇,攻击力+300／魔击力+30%／命中:98%#防+30／敏捷+30#攻击范围+2#职业限制:剑士,攻擊力+300／魔擊力+30%／命中:98%#防+30／敏捷+30#攻擊範圍+2#職業限制:劍士,ATK+300／MAG ATK+30%／HIT:98%#DEF+30／Speed+30#Attack Range+2#Class:Swordsman,攻击力+300／魔击力+30%／命中:98%#防+30／敏捷+30#攻击范围+2#职业限制:剑士,100000,50000,0,999,SwordMan|SwordMaster|SwordKing,NotUse,1016,"item_1,item_icon_017",0,0,0,416,12016,0,0,0,0,0,0,30,0,30,0,300,30,0,0,0,0,0,0,0,0,0,0,0,0,0,0,0,0,0,0,0,0,0,0,0,0,0,0,0,0,0
18,装备,Equip,Axe,Weapon,钢斧,鋼斧,Steel Axe,鋼の斧,강철 도끼,攻击力+16／命中:90%#职业限制:斗士,攻擊力+16／命中:90%#職業限制:鬥士,ATK+16／HIT:90%#Class:Fighter,攻击力+16／命中:90%#职业限制:斗士,240,120,0,999,BeastWarrior|CrazyWarrior|BeastSoulOverlord,NotUse,1017,"item_1,item_icon_018",0,0,0,417,12017,0,0,0,0,0,0,0,0,0,0,16,0,0,0,0,0,0,0,0,0,0,0,0,0,0,0,0,0,0,0,0,0,0,0,0,0,0,0,0,0,0
19,装备,Equip,Axe,Weapon,战斧,戰斧,Battle Axe,戦斧,전투 도끼,攻击力+28／命中:94%#职业限制:斗士,攻擊力+28／命中:94%#職業限制:鬥士,ATK+28／HIT:94%#Class:Fighter,攻击力+28／命中:94%#职业限制:斗士,800,400,0,999,BeastWarrior|CrazyWarrior|BeastSoulOverlord,NotUse,1018,"item_1,item_icon_019",0,0,0,418,12018,0,0,0,0,0,0,0,0,0,0,28,0,0,0,0,0,0,0,0,0,0,0,0,0,0,0,0,0,0,0,0,0,0,0,0,0,0,0,0,0,0
20,装备,Equip,Axe,Weapon,水晶之斧,水晶之斧,Crystal Axe,水晶の斧,수정 도끼,攻击力+38／命中:99%#职业限制:斗士,攻擊力+38／命中:99%#職業限制:鬥士,ATK+38／HIT:99%#Class:Fighter,攻击力+38／命中:99%#职业限制:斗士,1600,800,0,999,BeastWarrior|CrazyWarrior|BeastSoulOverlord,NotUse,1019,"item_1,item_icon_020",0,0,0,419,12019,0,0,0,0,0,0,0,0,0,0,38,0,0,0,0,0,0,0,0,0,0,0,0,0,0,0,0,0,0,0,0,0,0,0,0,0,0,0,0,0,0
21,装备,Equip,Axe,Weapon,狂战士之斧,狂戰士之斧,Berserker Axe,狂戦士の斧,광전사 도끼,攻击力+50／命中:96%#防-6#职业限制:斗士,攻擊力+50／命中:96%#防-6#職業限制:鬥士,ATK+50／HIT:96%#DEF-6#Class:Fighter,攻击力+50／命中:96%#防-6#职业限制:斗士,3000,1500,0,999,BeastWarrior|CrazyWarrior|BeastSoulOverlord,NotUse,1020,"item_1,item_icon_021",0,0,0,420,12020,0,0,0,0,0,0,-6,0,0,0,50,0,0,0,0,0,0,0,0,0,0,0,0,0,0,0,0,0,0,0,0,0,0,0,0,0,0,0,0,0,0
22,装备,Equip,Axe,Weapon,削岩之斧,削岩之斧,Stonecleaver,岩砕きの斧,쇄암 도끼,攻击力+63／命中:94%#敏捷-8#职业限制:斗士,攻擊力+63／命中:94%#敏捷-8#職業限制:鬥士,ATK+63／HIT:94%#Speed-8#Class:Fighter,攻击力+63／命中:94%#敏捷-8#职业限制:斗士,4200,2100,0,999,BeastWarrior|CrazyWarrior|BeastSoulOverlord,NotUse,1021,"item_1,item_icon_022",0,0,0,421,12021,0,0,0,0,0,0,0,0,-8,0,63,0,0,0,0,0,0,0,0,0,0,0,0,0,0,0,0,0,0,0,0,0,0,0,0,0,0,0,0,0,0
23,装备,Equip,Axe,Weapon,地鸣,地鳴,Earthshaker,地鳴り,명지,攻击力+82／命中:98%#防+5#地属伤害:5~10#职业限制:斗士,攻擊力+82／命中:98%#防+5#地屬傷害:5~10#職業限制:鬥士,ATK+82／HIT:98%#DEF+5#Earth DMG:5~10#Class:Fighter,攻击力+82／命中:98%#防+5#地属伤害:5~10#职业限制:斗士,8000,4000,0,999,BeastWarrior|CrazyWarrior|BeastSoulOverlord,NotUse,1022,"item_1,item_icon_023",0,0,0,422,12022,0,0,0,0,0,0,5,0,0,0,82,0,0,0,0,0,0,0,0,0,0,0,0,0,0,0,0,0,0,0,0,0,0,0,0,0,0,0,0,0,0
24,装备,Equip,Axe,Weapon,魔人之斧,魔人之斧,Demon Axe,魔人の斧,마인 도끼,攻击力+104／魔击力-10%／命中:96%#防-12#职业限制:斗士,攻擊力+104／魔擊力-10%／命中:96%#防-12#職業限制:鬥士,ATK+104／MAG ATK-10%／HIT:96%#DEF-12#Class:Fighter,攻击力+104／魔击力-10%／命中:96%#防-12#职业限制:斗士,10000,5000,0,999,BeastWarrior|CrazyWarrior|BeastSoulOverlord,NotUse,1023,"item_1,item_icon_024",0,0,0,423,12023,0,0,0,0,0,0,-12,0,0,0,104,-10,0,0,0,0,0,0,0,0,0,0,0,0,0,0,0,0,0,0,0,0,0,0,0,0,0,0,0,0,0
25,装备,Equip,Axe,Weapon,圣炎灵斧,聖炎靈斧,Sacred Flame Axe,聖炎霊斧,성염 도끼,攻击力+120／命中:98%#火焰伤害5~10#职业限制:斗士,攻擊力+120／命中:98%#火焰傷害5~10#職業限制:鬥士,ATK+120／HIT:98%#Fire DMG:5~10#Class:Fighter,攻击力+120／命中:98%#火焰伤害5~10#职业限制:斗士,18000,9000,0,999,BeastWarrior|CrazyWarrior|BeastSoulOverlord,NotUse,1024,"item_1,item_icon_025",0,0,0,424,12024,0,0,0,0,0,0,0,0,0,0,120,0,0,0,0,0,0,0,0,0,0,0,0,0,0,0,0,0,0,0,0,0,0,0,0,0,0,0,0,0,0
26,装备,Equip,Axe,Weapon,镇魂之斧,鎮魂之斧,Requiem Axe,鎮魂の斧,진혼의 도끼,攻击力+147／命中:92%#命中后限制行动#职业限制:斗士,攻擊力+147／命中:92%#命中後限制行動#職業限制:鬥士,ATK+147／HIT:92%#Restricts Action on Hit#Class:Fighter,攻击力+147／命中:92%#命中后限制行动#职业限制:斗士,26000,13000,0,999,BeastWarrior|CrazyWarrior|BeastSoulOverlord,NotUse,1025,"item_1,item_icon_026",0,0,0,425,12025,0,0,0,0,0,0,0,0,0,0,147,0,0,0,0,0,0,0,0,0,0,0,0,0,0,0,0,0,0,0,0,0,0,0,0,0,0,0,0,0,0
27,装备,Equip,Axe,Weapon,鬼斧  丧神,鬼斧  喪神,Oni Axe Godslayer,鬼斧 喪神,귀부 상신,攻击力+170／命中:94%#心灵伤害:5~10#防-8#职业限制:斗士,攻擊力+170／命中:94%#心靈傷害:5~10#防-8#職業限制:鬥士,ATK+170／HIT:94%#Mind DMG:5~10#DEF-8#Class:Fighter,攻击力+170／命中:94%#心灵伤害:5~10#防-8#职业限制:斗士,40000,20000,0,999,BeastWarrior|CrazyWarrior|BeastSoulOverlord,NotUse,1026,"item_1,item_icon_027",0,0,0,426,12026,0,0,0,0,0,0,-8,0,0,0,170,0,0,0,0,0,0,0,0,0,0,0,0,0,0,0,0,0,0,0,0,0,0,0,0,0,0,0,0,0,0
28,装备,Equip,Axe,Weapon,霸邪天煌,霸邪天煌,Abyssbreaker,覇邪天煌,마사천황,攻击力+210／命中:99%#防+15#免疫麻痹#职业限制:斗士,攻擊力+210／命中:99%#防+15#免疫麻痺#職業限制:鬥士,ATK+210／HIT:99%#DEF+15#Immune to Paralysis#Class:Fighter,攻击力+210／命中:99%#防+15#免疫麻痹#职业限制:斗士,90000,45000,0,999,BeastWarrior|CrazyWarrior|BeastSoulOverlord,NotUse,1027|10271,"item_1,item_icon_028",0,0,0,427,12027,0,0,0,0,0,0,15,0,0,0,210,0,0,0,0,0,0,0,0,0,0,0,0,0,0,0,0,0,0,0,0,0,0,0,0,0,0,0,0,0,0
29,装备,Equip,Axe,Weapon,???,???,???,？？？,???,攻击力+38／命中:99%／攻击范围:3#职业限制:变种怪物,攻擊力+38／命中:99%／攻擊範圍:3#職業限制:變種怪物,ATK+38／HIT:99%／Attack Range:3#Class:Mutant Beast,攻击力+38／命中:99%／攻击范围:3#职业限制:变种怪物,0,0,0,999,MutantMonster|MutantMonster,NotUse|NotUnequip,1028,"item_5,item_icon_233",0,0,0,306,12028,0,0,0,0,0,0,0,0,0,0,38,0,0,0,0,0,0,0,0,0,0,0,0,0,0,0,0,0,0,0,0,0,0,0,0,0,0,0,0,0,0
30,装备,Equip,Axe,Weapon,???,???,???,？？？,???,攻击力+16／命中:90%,攻擊力+16／命中:90%,ATK+16／HIT:90%,攻击力+16／命中:90%,0,0,0,999,BeastWarrior,NotUse,1029,"item_5,item_icon_228",0,0,0,306,12029,0,0,0,0,0,0,0,0,0,0,16,0,0,0,0,0,0,0,0,0,0,0,0,0,0,0,0,0,0,0,0,0,0,0,0,0,0,0,0,0,0
31,装备,Equip,Axe,Weapon,???,???,???,？？？,???,攻击力+120／火属伤害10~40／命中:80%／攻击范围+1,攻擊力+120／火屬傷害10~40／命中:80%／攻擊範圍+1,ATK+120／Fire DMG:10~40／HIT:80%／Attack Range+1,攻击力+120／火属伤害10~40／命中:80%／攻击范围+1,0,0,0,999,BeastWarrior|CrazyWarrior|BeastSoulOverlord,NotUse,1030,"item_5,item_icon_229",0,0,0,306,12030,0,0,0,0,0,0,0,0,0,0,120,0,0,0,0,0,0,0,0,0,0,0,0,0,0,0,0,0,0,0,0,0,0,0,0,0,0,0,0,0,0
32,装备,Equip,Axe,Weapon,???,???,???,？？？,???,攻击力+24／命中:92%／命中后给予中毒,攻擊力+24／命中:92%／命中後給予中毒,ATK+24／HIT:92%／Inflicts Poison on Hit,攻击力+24／命中:92%／命中后给予中毒,0,0,0,999,BeastWarrior,NotUse,1031,"item_5,item_icon_229",0,0,0,306,12031,0,0,0,0,0,0,0,0,0,0,24,0,0,0,0,0,0,0,0,0,0,0,0,0,0,0,0,0,0,0,0,0,0,0,0,0,0,0,0,0,0
33,装备,Equip,Axe,Weapon,???,???,???,？？？,???,攻击力+100／命中:86%／攻击范围+1,攻擊力+100／命中:86%／攻擊範圍+1,ATK+100／HIT:86%／Attack Range+1,攻击力+100／命中:86%／攻击范围+1,0,0,0,999,SwordMan|SwordMaster|SwordKing|BowMan|BowMaster|Priest|PriestMaster|PriestPrincess|Thief|Assassin|Magician|ElfMan|WingWarrior|WindWarrior|BeastWarrior|CrazyWarrior|MutantMonster|EvilMonster|MagicSwordMan|DarkSwordMan|BowKing|ImperialAssassin|ElfQueen|HolyWingAvatar|BeastSoulOverlord|MutantMonster|EvilMonster|DarkBladePrincess,NotUse,1032,"item_5,item_icon_232",0,0,0,306,12032,0,0,0,0,0,0,0,0,0,0,100,0,0,0,0,0,0,0,0,0,0,0,0,0,0,0,0,0,0,0,0,0,0,0,0,0,0,0,0,0,0
34,装备,Equip,Axe,Weapon,???,???,???,？？？,???,攻击力+20／命中:90%／命中后给予中毒,攻擊力+20／命中:90%／命中後給予中毒,ATK+20／HIT:90%／Inflicts Poison on Hit,攻击力+20／命中:90%／命中后给予中毒,0,0,0,999,BeastWarrior,NotUse,1033,"item_5,item_icon_229",0,0,0,306,12033,0,0,0,0,0,0,0,0,0,0,20,0,0,0,0,0,0,0,0,0,0,0,0,0,0,0,0,0,0,0,0,0,0,0,0,0,0,0,0,0,0
35,装备,Equip,Axe,Weapon,???,???,???,？？？,???,攻击力+12／命中:90%,攻擊力+12／命中:90%,ATK+12／HIT:90%,攻击力+12／命中:90%,0,0,0,999,BeastWarrior,NotUse,1034,"item_5,item_icon_230",0,0,0,306,12034,0,0,0,0,0,0,0,0,0,0,12,0,0,0,0,0,0,0,0,0,0,0,0,0,0,0,0,0,0,0,0,0,0,0,0,0,0,0,0,0,0
36,装备,Equip,Axe,Weapon,???,???,???,？？？,???,攻击力+18／命中:90%#职业限制:翼战士,攻擊力+18／命中:90%#職業限制:翼戰士,ATK+18／HIT:90%#Class:Winged Warrior,攻击力+18／命中:90%#职业限制:翼战士,0,0,0,999,BeastWarrior,NotUse,1035,"item_5,item_icon_229",0,0,0,306,12035,0,0,0,0,0,0,0,0,0,0,18,0,0,0,0,0,0,0,0,0,0,0,0,0,0,0,0,0,0,0,0,0,0,0,0,0,0,0,0,0,0
37,装备,Equip,Axe,Weapon,???,???,???,？？？,???,攻击力+90／命中:90%#职业限制:翼战士,攻擊力+90／命中:90%#職業限制:翼戰士,ATK+90／HIT:90%#Class:Winged Warrior,攻击力+90／命中:90%#职业限制:翼战士,0,0,0,999,BeastWarrior,NotUse,1036,"item_5,item_icon_228",0,0,0,306,12036,0,0,0,0,0,0,0,0,0,0,90,0,0,0,0,0,0,0,0,0,0,0,0,0,0,0,0,0,0,0,0,0,0,0,0,0,0,0,0,0,0
38,装备,Equip,Spear,Weapon,长枪,長槍,Long Spear,長槍,장창,攻击力+18／命中:90%#职业限制:翼战士,攻擊力+18／命中:90%#職業限制:翼戰士,ATK+18／HIT:90%#Class:Winged Warrior,攻击力+18／命中:90%#职业限制:翼战士,200,100,0,999,WingWarrior|WindWarrior|HolyWingAvatar,NotUse,1037,"item_1,item_icon_031",0,0,0,428,12037,0,0,0,0,0,0,0,0,0,0,18,0,0,0,0,0,0,0,0,0,0,0,0,0,0,0,0,0,0,0,0,0,0,0,0,0,0,0,0,0,0
39,装备,Equip,Spear,Weapon,银之矛,銀之矛,Silver Spear,銀の槍,은 창,攻击力+25／命中:92%#职业限制:翼战士,攻擊力+25／命中:92%#職業限制:翼戰士,ATK+25／HIT:92%#Class:Winged Warrior,攻击力+25／命中:92%#职业限制:翼战士,400,200,0,999,WingWarrior|WindWarrior|HolyWingAvatar,NotUse,1038,"item_1,item_icon_032",0,0,0,429,12038,0,0,0,0,0,0,0,0,0,0,25,0,0,0,0,0,0,0,0,0,0,0,0,0,0,0,0,0,0,0,0,0,0,0,0,0,0,0,0,0,0
40,装备,Equip,Spear,Weapon,水晶之枪,水晶之槍,Crystal Spear,水晶の槍,수정 창,攻击力+37／命中:90%#职业限制:翼战士,攻擊力+37／命中:90%#職業限制:翼戰士,ATK+37／HIT:90%#Class:Winged Warrior,攻击力+37／命中:90%#职业限制:翼战士,1100,550,0,999,WingWarrior|WindWarrior|HolyWingAvatar,NotUse,1039,"item_1,item_icon_033",0,0,0,430,12039,0,0,0,0,0,0,0,0,0,0,37,0,0,0,0,0,0,0,0,0,0,0,0,0,0,0,0,0,0,0,0,0,0,0,0,0,0,0,0,0,0
41,装备,Equip,Spear,Weapon,三叉戟,三叉戟,Trident,三叉の槍,삼지창,攻击力+52／命中:94%#职业限制:翼战士,攻擊力+52／命中:94%#職業限制:翼戰士,ATK+52／HIT:94%#Class:Winged Warrior,攻击力+52／命中:94%#职业限制:翼战士,2800,1400,0,999,WingWarrior|WindWarrior|HolyWingAvatar,NotUse,1040,"item_1,item_icon_034",0,0,0,431,12040,0,0,0,0,0,0,0,0,0,0,52,0,0,0,0,0,0,0,0,0,0,0,0,0,0,0,0,0,0,0,0,0,0,0,0,0,0,0,0,0,0
42,装备,Equip,Spear,Weapon,逆风之矛,逆風之矛,Headwind Spear,逆風の槍,역풍의 창,攻击力+70／命中:96%#敏捷+5#风属伤害:5~10#职业限制:翼战士,攻擊力+70／命中:96%#敏捷+5#風屬傷害:5~10#職業限制:翼戰士,ATK+70／HIT:96%#Speed+5#Wind DMG:5~10#Class:Winged Warrior,攻击力+70／命中:96%#敏捷+5#风属伤害:5~10#职业限制:翼战士,4000,2000,0,999,WingWarrior|WindWarrior|HolyWingAvatar,NotUse,1041,"item_1,item_icon_035",0,0,0,432,12041,0,0,0,0,0,0,0,0,5,0,70,0,0,0,0,0,0,0,0,0,0,0,0,0,0,0,0,0,0,0,0,0,0,0,0,0,0,0,0,0,0
43,装备,Equip,Spear,Weapon,鬼龙之枪,鬼龍之槍,Oniwyrm Spear,鬼龍の槍,귀룡의 창,攻击力+85／命中:92%#职业限制:翼战士,攻擊力+85／命中:92%#職業限制:翼戰士,ATK+85／HIT:92%#Class:Winged Warrior,攻击力+85／命中:92%#职业限制:翼战士,5800,2900,0,999,WingWarrior|WindWarrior|HolyWingAvatar,NotUse,1042,"item_1,item_icon_036",0,0,0,433,12042,0,0,0,0,0,0,0,0,0,0,85,0,0,0,0,0,0,0,0,0,0,0,0,0,0,0,0,0,0,0,0,0,0,0,0,0,0,0,0,0,0
44,装备,Equip,Spear,Weapon,破晓,破曉,Dawnbreaker,暁の槍,파효,攻击力+102／命中:90%#防+4#职业限制:翼战士,攻擊力+102／命中:90%#防+4#職業限制:翼戰士,ATK+102／HIT:90%#DEF+4#Class:Winged Warrior,攻击力+102／命中:90%#防+4#职业限制:翼战士,7600,3800,0,999,WingWarrior|WindWarrior|HolyWingAvatar,NotUse,1043,"item_1,item_icon_037",0,0,0,434,12043,0,0,0,0,0,0,4,0,0,0,102,0,0,0,0,0,0,0,0,0,0,0,0,0,0,0,0,0,0,0,0,0,0,0,0,0,0,0,0,0,0
45,装备,Equip,Spear,Weapon,丈八蛇矛,丈八蛇矛,Serpent Spear,丈八蛇矛,장팔사모,攻击力+126／命中:98%#职业限制:翼战士,攻擊力+126／命中:98%#職業限制:翼戰士,ATK+126／HIT:98%#Class:Winged Warrior,攻击力+126／命中:98%#职业限制:翼战士,9000,4500,0,999,WingWarrior|WindWarrior|HolyWingAvatar,NotUse,1044,"item_1,item_icon_038",0,0,0,435,12044,0,0,0,0,0,0,0,0,0,0,126,0,0,0,0,0,0,0,0,0,0,0,0,0,0,0,0,0,0,0,0,0,0,0,0,0,0,0,0,0,0
46,装备,Equip,Spear,Weapon,天马之枪,天馬之槍,Pegasus Spear,天馬の槍,천마의 창,攻击力+142／命中:94%#敏捷+8#风属伤害:12~20#职业限制:翼战士,攻擊力+142／命中:94%#敏捷+8#風屬傷害:12~20#職業限制:翼戰士,ATK+142／HIT:94%#Speed+8#Wind DMG:12~20#Class:Winged Warrior,攻击力+142／命中:94%#敏捷+8#风属伤害:12~20#职业限制:翼战士,19000,9500,0,999,WingWarrior|WindWarrior|HolyWingAvatar,NotUse,1045,"item_1,item_icon_039",0,0,0,436,12045,0,0,0,0,0,0,0,0,8,0,142,0,0,0,0,0,0,0,0,0,0,0,0,0,0,0,0,0,0,0,0,0,0,0,0,0,0,0,0,0,0
47,装备,Equip,Spear,Weapon,虚空之枪,虛空之槍,Void Spear,虚空の槍,허공의 창,攻击力+168／命中:96%#职业限制:翼战士,攻擊力+168／命中:96%#職業限制:翼戰士,ATK+168／HIT:96%#Class:Winged Warrior,攻击力+168／命中:96%#职业限制:翼战士,32000,16000,0,999,WingWarrior|WindWarrior|HolyWingAvatar,NotUse,1046,"item_1,item_icon_040",0,0,0,437,12046,0,0,0,0,0,0,0,0,0,0,168,0,0,0,0,0,0,0,0,0,0,0,0,0,0,0,0,0,0,0,0,0,0,0,0,0,0,0,0,0,0
48,装备,Equip,Spear,Weapon,魔枪  黑天使,魔槍  黑天使,Demon Spear Fallen Angel,魔槍「黒天」使,마창 흑천사,攻击力+190／魔击力+18%／命中:96%#敏捷+10#攻击范围+1#职业限制:翼战士,攻擊力+190／魔擊力+18%／命中:96%#敏捷+10#攻擊範圍+1#職業限制:翼戰士,ATK+190／MAG ATK+18%／HIT:96%#Speed+10#Attack Range+1#Class:Winged Warrior,攻击力+190／魔击力+18%／命中:96%#敏捷+10#攻击范围+1#职业限制:翼战士,98000,49000,0,999,WingWarrior|WindWarrior|HolyWingAvatar,NotUse,1047,"item_1,item_icon_041",0,0,0,438,12047,0,0,0,0,0,0,0,0,10,0,190,18,0,0,0,0,0,0,0,0,0,0,0,0,0,0,0,0,0,0,0,0,0,0,0,0,0,0,0,0,0
49,装备,Equip,Spear,Weapon,圣矛  炽天使,聖矛  熾天使,Sacred Spear Seraph,聖矛「熾天」使,성창 치천사,攻击力+205／魔击力+20%／命中:99%#命中给予衰弱#攻击范围+1#职业限制:翼战士,攻擊力+205／魔擊力+20%／命中:99%#命中給予衰弱#攻擊範圍+1#職業限制:翼戰士,ATK+205／MAG ATK+20%／HIT:99%#Inflicts Weakness on Hit#Attack Range+1#Class:Winged Warrior,攻击力+205／魔击力+20%／命中:99%#命中给予衰弱#攻击范围+1#职业限制:翼战士,88000,44000,0,999,WingWarrior|WindWarrior|HolyWingAvatar,NotUse,1048,"item_1,item_icon_042",0,0,0,439,12048,0,0,0,0,0,0,0,0,0,0,205,20,0,0,0,0,0,0,0,0,0,0,0,0,0,0,0,0,0,0,0,0,0,0,0,0,0,0,0,0,0
50,装备,Equip,Axe,Weapon,???,???,???,？？？,???,攻击力+56／命中:99%／攻击范围:3,攻擊力+56／命中:99%／攻擊範圍:3,ATK+56／HIT:99%／Attack Range:3,攻击力+56／命中:99%／攻击范围:3,0,0,0,999,EvilMonster|EvilMonster,NotUse|NotUnequip,1049,"item_5,item_icon_228",0,0,0,306,12049,0,0,0,0,0,0,0,0,0,0,56,0,0,0,0,0,0,0,0,0,0,0,0,0,0,0,0,0,0,0,0,0,0,0,0,0,0,0,0,0,0
51,装备,Equip,Axe,Weapon,???,???,???,？？？,???,攻击力+38／命中:99%,攻擊力+38／命中:99%,ATK+38／HIT:99%,攻击力+38／命中:99%,0,0,0,999,MutantMonster|MutantMonster,NotUse,1050,,0,0,0,306,12050,0,0,0,0,0,0,0,0,0,0,38,0,0,0,0,0,0,0,0,0,0,0,0,0,0,0,0,0,0,0,0,0,0,0,0,0,0,0,0,0,0
52,装备,Equip,Axe,Weapon,???,???,???,？？？,???,攻击力+180／命中:92%／攻击范围:5,攻擊力+180／命中:92%／攻擊範圍:5,ATK+180／HIT:92%／Attack Range:5,攻击力+180／命中:92%／攻击范围:5,0,0,0,999,MutantMonster|MutantMonster,NotUse,1051,"item_5,item_icon_232",0,0,0,306,12051,0,0,0,0,0,0,0,0,0,0,180,0,0,0,0,0,0,0,0,0,0,0,0,0,0,0,0,0,0,0,0,0,0,0,0,0,0,0,0,0,0
53,装备,Equip,Sword,Weapon,钉头锤,釘頭錘,Spiked Mace,メイス,메이스,攻击力+28／命中:94%／魔击力+5%,攻擊力+28／命中:94%／魔擊力+5%,ATK+28／HIT:94%／MAG ATK+5%,攻击力+28／命中:94%／魔击力+5%,900,450,0,999,SwordMan|SwordMaster|SwordKing|MagicSwordMan|DarkSwordMan|DarkBladePrincess,NotUse,1052,"item_2,item_icon_054",0,0,0,2564,12052,0,0,0,0,0,0,0,0,0,0,28,5,0,0,0,0,0,0,0,0,0,0,0,0,0,0,0,0,0,0,0,0,0,0,0,0,0,0,0,0,0
54,装备,Equip,Staff,Weapon,???,???,???,？？？,???,攻击力+99／命中:99%／魔击力+15%,攻擊力+99／命中:99%／魔擊力+15%,ATK+99／HIT:99%／MAG ATK+15%,攻击力+99／命中:99%／魔击力+15%,0,0,0,999,Magician|ElfMan|ElfQueen,NotUse,1053,"item_5,item_icon_231",0,0,0,306,12053,0,0,0,0,0,0,0,0,0,0,99,0,0,0,0,0,0,0,0,0,0,0,0,0,0,0,0,0,0,0,0,0,0,0,0,0,0,0,0,0,0
55,装备,Equip,Axe,Weapon,???,???,???,？？？,???,攻击力+46／命中:96%／攻击范围:3,攻擊力+46／命中:96%／攻擊範圍:3,ATK+46／HIT:96%／Attack Range:3,攻击力+46／命中:96%／攻击范围:3,0,0,0,999,MutantMonster|MutantMonster,NotUse,1054,"item_5,item_icon_232",0,0,0,306,12054,0,0,0,0,0,0,0,0,0,0,46,0,0,0,0,0,0,0,0,0,0,0,0,0,0,0,0,0,0,0,0,0,0,0,0,0,0,0,0,0,0
56,装备,Equip,Bow,Weapon,长弓,長弓,Longbow,長弓,장궁,攻击力+12／命中:90%／攻击范围:2~3#职业限制:弓箭手,攻擊力+12／命中:90%／攻擊範圍:2~3#職業限制:弓箭手,ATK+12／HIT:90%／Attack Range:2~3#Class:Archer,攻击力+12／命中:90%／攻击范围:2~3#职业限制:弓箭手,200,100,0,999,BowMan|BowMaster|BowKing,NotUse,1055,"item_1,item_icon_043",0,0,0,440,12055,0,0,0,0,0,0,0,0,0,0,12,0,0,0,0,0,0,0,0,0,0,0,0,0,0,0,0,0,0,0,0,0,0,0,0,0,0,0,0,0,0
57,装备,Equip,Bow,Weapon,巨弓,巨弓,Greatbow,大弓,거궁,攻击力+21／命中:92%／攻击范围:2~4#职业限制:弓箭手,攻擊力+21／命中:92%／攻擊範圍:2~4#職業限制:弓箭手,ATK+21／HIT:92%／Attack Range:2~4#Class:Archer,攻击力+21／命中:92%／攻击范围:2~4#职业限制:弓箭手,420,210,0,999,BowMan|BowMaster|BowKing,NotUse,1056,"item_1,item_icon_044",0,0,0,441,12056,0,0,0,0,0,0,0,0,0,0,21,0,0,0,0,0,0,0,0,0,0,0,0,0,0,0,0,0,0,0,0,0,0,0,0,0,0,0,0,0,0
58,装备,Equip,Bow,Weapon,水晶弓,水晶弓,Crystal Bow,水晶の弓,수정 활,攻击力+32／命中:96%／攻击范围:2~4#职业限制:弓箭手,攻擊力+32／命中:96%／攻擊範圍:2~4#職業限制:弓箭手,ATK+32／HIT:96%／Attack Range:2~4#Class:Archer,攻击力+32／命中:96%／攻击范围:2~4#职业限制:弓箭手,1000,500,0,999,BowMan|BowMaster|BowKing,NotUse,1057,"item_1,item_icon_045",0,0,0,442,12057,0,0,0,0,0,0,0,0,0,0,32,0,0,0,0,0,0,0,0,0,0,0,0,0,0,0,0,0,0,0,0,0,0,0,0,0,0,0,0,0,0
59,装备,Equip,Bow,Weapon,猎杀弓,獵殺弓,Hunter's Bow,狩猟弓,사냥의 활,攻击力+45／命中:99%／攻击范围:2~4#敏捷+4#职业限制:弓箭手,攻擊力+45／命中:99%／攻擊範圍:2~4#敏捷+4#職業限制:弓箭手,ATK+45／HIT:99%／Attack Range:2~4#Speed+4#Class:Archer,攻击力+45／命中:99%／攻击范围:2~4#敏捷+4#职业限制:弓箭手,2200,1100,0,999,BowMan|BowMaster|BowKing,NotUse,1058,"item_1,item_icon_046",0,0,0,443,12058,0,0,0,0,0,0,0,0,0,0,45,0,0,0,0,0,0,0,0,0,0,0,0,0,0,0,0,0,0,0,0,0,0,0,0,0,0,0,0,0,0
60,装备,Equip,Bow,Weapon,迅雷之弓,迅雷之弓,Thunderstrike Bow,迅雷の弓,번개의 활,攻击力+63／命中:94%／攻击范围:2~4#风属伤害5~10#职业限制:弓箭手,攻擊力+63／命中:94%／攻擊範圍:2~4#風屬傷害5~10#職業限制:弓箭手,ATK+63／HIT:94%／Attack Range:2~4#Wind DMG:5~10#Class:Archer,攻击力+63／命中:94%／攻击范围:2~4#风属伤害5~10#职业限制:弓箭手,3600,1800,0,999,BowMan|BowMaster|BowKing,NotUse,1059,"item_1,item_icon_047",0,0,0,444,12059,0,0,0,0,0,0,0,0,4,0,63,0,0,0,0,0,0,0,0,0,0,0,0,0,0,0,0,0,0,0,0,0,0,0,0,0,0,0,0,0,0
61,装备,Equip,Bow,Weapon,寂静之弓,寂靜之弓,Silence Bow,静寂の弓,고요의 활,攻击力+81／命中:98%／攻击范围:2~4#命中后给予魔法封印#职业限制:弓箭手,攻擊力+81／命中:98%／攻擊範圍:2~4#命中後給予魔法封印#職業限制:弓箭手,ATK+81／HIT:98%／Attack Range:2~4#Inflicts Silence on Hit#Class:Archer,攻击力+81／命中:98%／攻击范围:2~4#命中后给予魔法封印#职业限制:弓箭手,6800,3400,0,999,BowMan|BowMaster|BowKing,NotUse,1060,"item_1,item_icon_048",0,0,0,445,12060,0,0,0,0,0,0,0,0,0,0,81,0,0,0,0,0,0,0,0,0,0,0,0,0,0,0,0,0,0,0,0,0,0,0,0,0,0,0,0,0,0
62,装备,Equip,Bow,Weapon,名弓  幽鬼,名弓  幽鬼,Master Bow Phantom,名弓「幽鬼」,명궁 유혼,攻击力+103／命中:96%／攻击范围:2~5#防-6／敏捷+3#职业限制:弓箭手,攻擊力+103／命中:96%／攻擊範圍:2~5#防-6／敏捷+3#職業限制:弓箭手,ATK+103／HIT:96%／Attack Range:2~5#DEF-6／Speed+3#Class:Archer,攻击力+103／命中:96%／攻击范围:2~5#防-6／敏捷+3#职业限制:弓箭手,9200,4600,0,999,BowMan|BowMaster|BowKing,NotUse,1061,"item_1,item_icon_049",0,0,0,446,12061,0,0,0,0,0,0,0,0,0,0,103,0,0,0,0,0,0,0,0,0,0,0,0,0,0,0,0,0,0,0,0,0,0,0,0,0,0,0,0,0,0
63,装备,Equip,Bow,Weapon,海龙之弓,海龍之弓,Sea Dragon Bow,海龍の弓,해룡의 활,攻击力+117／命中:94%／攻击范围:2~4#水属伤害5~10#职业限制:弓箭手,攻擊力+117／命中:94%／攻擊範圍:2~4#水屬傷害5~10#職業限制:弓箭手,ATK+117／HIT:94%／Attack Range:2~4#Water DMG:5~10#Class:Archer,攻击力+117／命中:94%／攻击范围:2~4#水属伤害5~10#职业限制:弓箭手,14000,7000,0,999,BowMan|BowMaster|BowKing,NotUse,1062,"item_2,item_icon_050",0,0,0,447,12062,0,0,0,0,0,0,-6,0,3,0,117,0,0,0,0,0,0,0,0,0,0,0,0,0,0,0,0,0,0,0,0,0,0,0,0,0,0,0,0,0,0
64,装备,Equip,Bow,Weapon,天劫,天劫,Heavenly Tribulation,天劫,천겁,攻击力+36／命中:99%／攻击范围:2~4#两次武器伤害#职业限制:弓箭手,攻擊力+36／命中:99%／攻擊範圍:2~4#兩次武器傷害#職業限制:弓箭手,ATK+36／HIT:99%／Attack Range:2~4#Double Weapon Attack#Class:Archer,攻击力+36／命中:99%／攻击范围:2~4#两次武器伤害#职业限制:弓箭手,50000,25000,0,999,BowMan|BowMaster|BowKing,NotUse,1063|10631,"item_2,item_icon_051",0,0,0,448,12063,0,0,0,0,0,0,0,0,0,0,36,0,0,0,0,0,0,0,0,0,0,0,0,0,0,0,0,0,0,0,0,0,0,0,0,0,0,0,0,0,0
65,装备,Equip,Bow,Weapon,穿云弓,穿雲弓,Cloudpiercer Bow,穿雲弓,천운의 활,攻击力+143／命中:99%／攻击范围:2~5#敏捷+12#职业限制:弓箭手,攻擊力+143／命中:99%／攻擊範圍:2~5#敏捷+12#職業限制:弓箭手,ATK+143／HIT:99%／Attack Range:2~5#Speed+12#Class:Archer,攻击力+143／命中:99%／攻击范围:2~5#敏捷+12#职业限制:弓箭手,22000,11000,0,999,BowMan|BowMaster|BowKing,NotUse,1064,"item_2,item_icon_052",0,0,0,449,12064,0,0,0,0,0,0,0,0,12,0,143,0,0,0,0,0,0,0,0,0,0,0,0,0,0,0,0,0,0,0,0,0,0,0,0,0,0,0,0,0,0
66,装备,Equip,Bow,Weapon,胧月,朧月,Hazy Moon,朧月,용월,攻击力+164／命中:96%／攻击范围:2~6#敏捷+20#命中后给予随机异常状态#职业限制:弓箭手,攻擊力+164／命中:96%／攻擊範圍:2~6#敏捷+20#命中後給予隨機異常狀態#職業限制:弓箭手,ATK+164／HIT:96%／Attack Range:2~6#Speed+20#Inflicts a Random Ailment on Hit#Class:Archer,攻击力+164／命中:96%／攻击范围:2~6#敏捷+20#命中后给予随机异常状态#职业限制:弓箭手,66000,33000,0,999,BowMan|BowMaster|BowKing,NotUse,1065,"item_2,item_icon_053",0,0,0,450,12065,0,0,0,0,0,0,0,0,20,0,164,0,0,0,0,0,0,0,0,0,0,0,0,0,0,0,0,0,0,0,0,0,0,0,0,0,0,0,0,0,0
67,装备,Equip,Staff,Weapon,木杖,木杖,Wooden Staff,木の杖,나무 지팡이,攻击力+10／命中:96%#职业限制:祭司、魔法师,攻擊力+10／命中:96%#職業限制:祭司、魔法師,"ATK+10／HIT:96%#Class:Priest, Mage",攻击力+10／命中:96%#职业限制:祭司、魔法师,180,90,0,999,Priest|PriestMaster|PriestPrincess|Magician|ElfMan|ElfQueen,NotUse,1066,"item_2,item_icon_055",0,0,0,451,12066,0,0,0,0,0,0,0,0,0,0,10,0,0,0,0,0,0,0,0,0,0,0,0,0,0,0,0,0,0,0,0,0,0,0,0,0,0,0,0,0,0
68,装备,Equip,Staff,Weapon,锡杖,錫杖,Priest Staff,錫の杖,은 지팡이,攻击力+20／命中:98%#职业限制:祭司、魔法师,攻擊力+20／命中:98%#職業限制:祭司、魔法師,"ATK+20／HIT:98%#Class:Priest, Mage",攻击力+20／命中:98%#职业限制:祭司、魔法师,200,100,0,999,Priest|PriestMaster|PriestPrincess|Magician|ElfMan|ElfQueen,NotUse,1067,"item_2,item_icon_056",0,0,0,452,12067,0,0,0,0,0,0,0,0,0,0,20,0,0,0,0,0,0,0,0,0,0,0,0,0,0,0,0,0,0,0,0,0,0,0,0,0,0,0,0,0,0
69,装备,Equip,Staff,Weapon,水晶杖,水晶杖,Crystal Staff,水晶の杖,수정 지팡이,攻击力+26／命中:96%#职业限制:祭司、魔法师,攻擊力+26／命中:96%#職業限制:祭司、魔法師,"ATK+26／HIT:96%#Class:Priest, Mage",攻击力+26／命中:96%#职业限制:祭司、魔法师,860,430,0,999,Priest|PriestMaster|PriestPrincess|Magician|ElfMan|ElfQueen,NotUse,1068,"item_2,item_icon_057",0,0,0,453,12068,0,0,0,0,0,0,0,0,0,0,26,0,0,0,0,0,0,0,0,0,0,0,0,0,0,0,0,0,0,0,0,0,0,0,0,0,0,0,0,0,0
70,装备,Equip,Staff,Weapon,仪式之杖,儀式之杖,Ritual Staff,儀式の杖,의식의 지팡이,攻击力+32／命中:96%#职业限制:祭司、魔法师,攻擊力+32／命中:96%#職業限制:祭司、魔法師,"ATK+32／HIT:96%#Class:Priest, Mage",攻击力+32／命中:96%#职业限制:祭司、魔法师,2000,1000,0,999,Priest|PriestMaster|PriestPrincess|Magician|ElfMan|ElfQueen,NotUse,1069,"item_2,item_icon_058",0,0,0,454,12069,0,0,0,0,0,0,0,0,0,0,32,0,0,0,0,0,0,0,0,0,0,0,0,0,0,0,0,0,0,0,0,0,0,0,0,0,0,0,0,0,0
71,装备,Equip,Staff,Weapon,魔杖 妖炎,魔杖 妖炎,Wand Hellflame,魔杖「妖炎」,마법지팡이 요염,攻击力+40／命中:94%#火属伤害5~10#职业限制:魔法师,攻擊力+40／命中:94%#火屬傷害5~10#職業限制:魔法師,ATK+40／HIT:94%#Fire DMG:5~10#Class:Mage,攻击力+40／命中:94%#火属伤害5~10#职业限制:魔法师,4200,2100,0,999,Magician|ElfMan|ElfQueen,NotUse,1070,"item_2,item_icon_059",0,0,0,455,12070,0,0,0,0,0,0,0,0,0,0,40,0,0,0,0,0,0,0,0,0,0,0,0,0,0,0,0,0,0,0,0,0,0,0,0,0,0,0,0,0,0
72,装备,Equip,Staff,Weapon,圣灵之杖,聖靈之杖,Holy Spirit Staff,聖霊の杖,성령의 지팡이,攻击力+53／命中:94%#心灵伤害5~10#职业限制:祭司,攻擊力+53／命中:94%#心靈傷害5~10#職業限制:祭司,ATK+53／HIT:94%#Mind DMG:5~10#Class:Priest,攻击力+53／命中:94%#心灵伤害5~10#职业限制:祭司,4800,2400,0,999,Priest|PriestMaster|PriestPrincess,NotUse,1071,"item_2,item_icon_060",0,0,0,456,12071,0,0,0,0,0,0,0,0,0,0,53,0,0,0,0,0,0,0,0,0,0,0,0,0,0,0,0,0,0,0,0,0,0,0,0,0,0,0,0,0,0
73,装备,Equip,Staff,Weapon,魔导杖  风镰,魔導杖  風鐮,Arcanestaff Windscythe,魔導杖「風鎌」,마도지팡이 풍렴,攻击力+60／命中:90%／魔击力+6%#敏捷+4#风属伤害:5~10#职业限制:祭司、魔法师,攻擊力+60／命中:90%／魔擊力+6%#敏捷+4#風屬傷害:5~10#職業限制:祭司、魔法師,"ATK+60／HIT:90%／MAG ATK+6%#Speed+4#Wind DMG:5~10#Class:Priest, Mage",攻击力+60／命中:90%／魔击力+6%#敏捷+4#风属伤害:5~10#职业限制:祭司、魔法师,7200,3600,0,999,Priest|PriestMaster|PriestPrincess|Magician|ElfMan|ElfQueen,NotUse,1072,"item_2,item_icon_061",0,0,0,457,12072,0,0,0,0,0,0,0,0,4,0,60,6,0,0,0,0,0,0,0,0,0,0,0,0,0,0,0,0,0,0,0,0,0,0,0,0,0,0,0,0,0
74,装备,Equip,Staff,Weapon,祈祷之杖,祈禱之杖,Prayer Staff,祈りの杖,기도의 지팡이,攻击力+71／魔击力+11%／命中:90%#职业限制:祭司、魔法师,攻擊力+71／魔擊力+11%／命中:90%#職業限制:祭司、魔法師,"ATK+71／MAG ATK+11%／HIT:90%#Class:Priest, Mage",攻击力+71／魔击力+11%／命中:90%#职业限制:祭司、魔法师,8000,4000,0,999,Priest|PriestMaster|PriestPrincess|Magician|ElfMan|ElfQueen,NotUse,1073,"item_2,item_icon_062",0,0,0,458,12073,0,0,0,0,0,0,0,0,0,0,71,11,0,0,0,0,0,0,0,0,0,0,0,0,0,0,0,0,0,0,0,0,0,0,0,0,0,0,0,0,0
75,装备,Equip,Staff,Weapon,贤者法杖,賢者法杖,Sage Staff,賢者の杖,현자의 지팡이,攻击力+84／魔击力+13%／命中:96%#职业限制:祭司、魔法师,攻擊力+84／魔擊力+13%／命中:96%#職業限制:祭司、魔法師,"ATK+84／MAG ATK+13%／HIT:96%#Class:Priest, Mage",攻击力+84／魔击力+13%／命中:96%#职业限制:祭司、魔法师,10000,5000,0,999,Priest|PriestMaster|PriestPrincess|Magician|ElfMan|ElfQueen,NotUse,1074,"item_2,item_icon_063",0,0,0,459,12074,0,0,0,0,0,0,0,0,0,0,84,13,0,0,0,0,0,0,0,0,0,0,0,0,0,0,0,0,0,0,0,0,0,0,0,0,0,0,0,0,0
76,装备,Equip,Staff,Weapon,守护者之杖,守護者之杖,Guardian Staff,守護者の杖,수호자의 지팡이,攻击力+0／魔击力+35%／命中:80%#防+20#职业限制:魔法师,攻擊力+0／魔擊力+35%／命中:80%#防+20#職業限制:魔法師,ATK+0／MAG ATK+35%／HIT:80%#DEF+20#Class:Mage,攻击力+0／魔击力+35%／命中:80%#防+20#职业限制:魔法师,30000,15000,0,999,Magician|ElfMan|ElfQueen,NotUse,1075,"item_2,item_icon_064",0,0,0,460,12075,0,0,0,0,0,0,20,0,0,0,0,35,0,0,0,0,0,0,0,0,0,0,0,0,0,0,0,0,0,0,0,0,0,0,0,0,0,0,0,0,0
77,装备,Equip,Staff,Weapon,制裁之杖,制裁之杖,Judicator Staff,制裁の杖,징벌의 지팡이,攻击力+99／命中:98%#职业限制:魔法师,攻擊力+99／命中:98%#職業限制:魔法師,ATK+99／HIT:98%#Class:Mage,攻击力+99／命中:98%#职业限制:魔法师,28000,14000,0,999,Magician|ElfMan|ElfQueen,NotUse,1076,"item_2,item_icon_065",0,0,0,461,12076,0,0,0,0,0,0,0,0,0,0,99,0,0,0,0,0,0,0,0,0,0,0,0,0,0,0,0,0,0,0,0,0,0,0,0,0,0,0,0,0,0
78,装备,Equip,Staff,Weapon,根源之杖,根源之杖,Origin Staff,根源の杖,근원의 지팡이,攻击力+25／魔击力+20%／命中:90%#防+14／敏捷+10#每回合自动回复生命#职业限制:祭司,攻擊力+25／魔擊力+20%／命中:90%#防+14／敏捷+10#每回合自動回復生命#職業限制:祭司,ATK+25／MAG ATK+20%／HIT:90%#DEF+14／Speed+10#Restores HP Each Round#Class:Priest,攻击力+25／魔击力+20%／命中:90%#防+14／敏捷+10#每回合自动回复生命#职业限制:祭司,80000,40000,0,999,Priest|PriestMaster|PriestPrincess,NotUse,1077|10771,"item_2,item_icon_066",0,0,0,462,12077,0,0,0,0,0,0,14,0,10,0,25,20,0,0,0,0,0,0,0,0,0,0,0,0,0,0,0,0,0,0,0,0,0,0,0,0,0,0,0,0,0
79,装备,Equip,Staff,Weapon,审判之杖,審判之杖,Judgment Staff,審判の杖,심판의 지팡이,攻击力+110／命中:98%#职业限制:祭司,攻擊力+110／命中:98%#職業限制:祭司,ATK+110／HIT:98%#Class:Priest,攻击力+110／命中:98%#职业限制:祭司,62000,31000,0,999,Priest|PriestMaster|PriestPrincess,NotUse,1078,"item_2,item_icon_067",0,0,0,463,12078,0,0,0,0,0,0,0,0,0,0,110,0,0,0,0,0,0,0,0,0,0,0,0,0,0,0,0,0,0,0,0,0,0,0,0,0,0,0,0,0,0
80,装备,Equip,Staff,Weapon,支配者之杖,支配者之杖,Overlord Staff,支配者の杖,지배자의 지팡이,攻击力+124／魔击力+27%／命中:99%#防+6／敏捷+12#每回合自动回复魔法#职业限制:祭司、魔法师,攻擊力+124／魔擊力+27%／命中:99%#防+6／敏捷+12#每回合自動回復魔法#職業限制:祭司、魔法師,"ATK+124／MAG ATK+27%／HIT:99%#DEF+6／Speed+12#Restores MP Each Round#Class:Priest, Mage",攻击力+124／魔击力+27%／命中:99%#防+6／敏捷+12#每回合自动回复魔法#职业限制:祭司、魔法师,99000,49500,0,999,Priest|PriestMaster|PriestPrincess|Magician|ElfMan|ElfQueen,NotUse,1079|10791,"item_2,item_icon_068",0,0,0,464,12079,0,0,0,0,0,0,6,0,12,0,124,27,0,0,0,0,0,0,0,0,0,0,0,0,0,0,0,0,0,0,0,0,0,0,0,0,0,0,0,0,0
81,装备,Equip,Dagger,Weapon,匕首,匕首,Dagger,短剣,비수,攻击力+13／命中:90%#职业限制:盗贼,攻擊力+13／命中:90%#職業限制:盜賊,ATK+13／HIT:90%#Class:Thief,攻击力+13／命中:90%#职业限制:盗贼,210,105,0,999,Thief|Assassin|ImperialAssassin,NotUse,1080,"item_2,item_icon_069",0,0,0,465,12080,0,0,0,0,0,0,0,0,0,0,13,0,0,0,0,0,0,0,0,0,0,0,0,0,0,0,0,0,0,0,0,0,0,0,0,0,0,0,0,0,0
82,装备,Equip,Dagger,Weapon,白金匕首,白金匕首,Platinum Dagger,白金の短剣,백금 비수,攻击力+22／命中:94%#职业限制:盗贼,攻擊力+22／命中:94%#職業限制:盜賊,ATK+22／HIT:94%#Class:Thief,攻击力+22／命中:94%#职业限制:盗贼,440,220,0,999,Thief|Assassin|ImperialAssassin,NotUse,1081,"item_2,item_icon_070",0,0,0,466,12081,0,0,0,0,0,0,0,0,0,0,22,0,0,0,0,0,0,0,0,0,0,0,0,0,0,0,0,0,0,0,0,0,0,0,0,0,0,0,0,0,0
83,装备,Equip,Dagger,Weapon,水晶短刀,水晶短刀,Crystal Dagger,水晶の短剣,수정 단도,攻击力+34／命中:90%#职业限制:盗贼,攻擊力+34／命中:90%#職業限制:盜賊,ATK+34／HIT:90%#Class:Thief,攻击力+34／命中:90%#职业限制:盗贼,760,380,0,999,Thief|Assassin|ImperialAssassin,NotUse,1082,"item_2,item_icon_071",0,0,0,467,12082,0,0,0,0,0,0,0,0,0,0,34,0,0,0,0,0,0,0,0,0,0,0,0,0,0,0,0,0,0,0,0,0,0,0,0,0,0,0,0,0,0
84,装备,Equip,Dagger,Weapon,盗贼匕首,盜賊匕首,Thief's Dagger,盗賊の短剣,도적의 비수,攻击力+50／命中:96%#敏捷+5#职业限制:盗贼,攻擊力+50／命中:96%#敏捷+5#職業限制:盜賊,ATK+50／HIT:96%#Speed+5#Class:Thief,攻击力+50／命中:96%#敏捷+5#职业限制:盗贼,1800,900,0,999,Thief|Assassin|ImperialAssassin,NotUse,1083,"item_2,item_icon_072",0,0,0,468,12083,0,0,0,0,0,0,0,0,5,0,50,0,0,0,0,0,0,0,0,0,0,0,0,0,0,0,0,0,0,0,0,0,0,0,0,0,0,0,0,0,0
85,装备,Equip,Dagger,Weapon,杀手短刀,殺手短刀,Assassin's Dagger,暗殺者の短剣,암살자의 단도,攻击力+64／命中:99%#爆击率+16%#职业限制:盗贼,攻擊力+64／命中:99%#爆擊率+16%#職業限制:盜賊,ATK+64／HIT:99%#Crit Rate+16%#Class:Thief,攻击力+64／命中:99%#爆击率+16%#职业限制:盗贼,3600,1800,0,999,Thief|Assassin|ImperialAssassin,NotUse,1084,"item_2,item_icon_073",0,0,0,469,12084,0,0,0,0,0,0,0,0,0,0,64,0,0,0,0,0,0,0,0,0,0,0,0,0,0,16,0,0,0,0,0,0,0,0,0,0,0,0,0,0,0
86,装备,Equip,Dagger,Weapon,虎啸,虎嘯,Tiger's Roar,虎嘯,호효,攻击力+80／命中:94%#职业限制:盗贼,攻擊力+80／命中:94%#職業限制:盜賊,ATK+80／HIT:94%#Class:Thief,攻击力+80／命中:94%#职业限制:盗贼,5200,2600,0,999,Thief|Assassin|ImperialAssassin,NotUse,1085,"item_2,item_icon_074",0,0,0,470,12085,0,0,0,0,0,0,0,0,0,0,80,0,0,0,0,0,0,0,0,0,0,0,0,0,0,0,0,0,0,0,0,0,0,0,0,0,0,0,0,0,0
87,装备,Equip,Dagger,Weapon,龙吟,龍吟,Dragon's Roar,龍吟,용음,攻击力+91／命中:96%#职业限制:盗贼,攻擊力+91／命中:96%#職業限制:盜賊,ATK+91／HIT:96%#Class:Thief,攻击力+91／命中:96%#职业限制:盗贼,6000,3000,0,999,Thief|Assassin|ImperialAssassin,NotUse,1086,"item_2,item_icon_075",0,0,0,471,12086,0,0,0,0,0,0,0,0,0,0,91,0,0,0,0,0,0,0,0,0,0,0,0,0,0,0,0,0,0,0,0,0,0,0,0,0,0,0,0,0,0
88,装备,Equip,Dagger,Weapon,宿魔刀,宿魔刀,Demonbound Blade,宿魔刀,숙마도,攻击力+103／命中:94%#防+8#降低受到法术伤害#职业限制:盗贼,攻擊力+103／命中:94%#防+8#降低受到法術傷害#職業限制:盜賊,ATK+103／HIT:94%#DEF+8#Reduces Magic DMG Taken#Class:Thief,攻击力+103／命中:94%#防+8#降低受到法术伤害#职业限制:盗贼,9400,4700,0,999,Thief|Assassin|ImperialAssassin,NotUse,1087,"item_2,item_icon_076",0,0,0,472,12087,0,0,0,0,0,0,8,0,0,0,103,0,0,0,0,0,0,0,0,0,0,0,0,0,0,0,0,0,0,0,33,33,33,33,33,0,0,0,0,0,0
89,装备,Equip,Dagger,Weapon,瞬杀之刃,瞬殺之刃,Swiftkill Blade,瞬殺の刃,순살의 검,攻击力+120／命中:99%#敏捷+16／爆击率+20%#职业限制:盗贼,攻擊力+120／命中:99%#敏捷+16／爆擊率+20%#職業限制:盜賊,ATK+120／HIT:99%#Speed+16／Crit Rate+20%#Class:Thief,攻击力+120／命中:99%#敏捷+16／爆击率+20%#职业限制:盗贼,16000,8000,0,999,Thief|Assassin|ImperialAssassin,NotUse,1088,"item_2,item_icon_077",0,0,0,473,12088,0,0,0,0,0,0,16,0,0,0,120,0,0,0,0,0,0,0,0,0,0,0,0,0,0,20,0,0,0,0,0,0,0,0,0,0,0,0,0,0,0
90,装备,Equip,Dagger,Weapon,秘刀  细雪,秘刀  細雪,Secret Blade Snowfall,秘刀「細雪」,비도 세설,攻击力+143／命中:96%#水属伤害:5~10#职业限制:盗贼,攻擊力+143／命中:96%#水屬傷害:5~10#職業限制:盜賊,ATK+143／HIT:96%#Water DMG:5~10#Class:Thief,攻击力+143／命中:96%#水属伤害:5~10#职业限制:盗贼,28000,14000,0,999,Thief|Assassin|ImperialAssassin,NotUse,1089,"item_2,item_icon_078",0,0,0,474,12089,0,0,0,0,0,0,0,0,0,0,143,0,0,0,0,0,0,0,0,0,0,0,0,0,0,0,0,0,0,0,0,0,0,0,0,0,0,0,0,0,0
91,装备,Equip,Dagger,Weapon,灵刃  星夜,靈刃  星夜,Spiritblade Starry Night,霊刃「星夜」,영도 성야,攻击力+157／命中:94%#心灵伤害:5~10#职业限制:盗贼,攻擊力+157／命中:94%#心靈傷害:5~10#職業限制:盜賊,ATK+157／HIT:94%#Mind DMG:5~10#Class:Thief,攻击力+157／命中:94%#心灵伤害:5~10#职业限制:盗贼,40000,20000,0,999,Thief|Assassin|ImperialAssassin,NotUse,1090,"item_2,item_icon_079",0,0,0,475,12090,0,0,0,0,0,0,0,0,0,0,157,0,0,0,0,0,0,0,0,0,0,0,0,0,0,0,0,0,0,0,0,0,0,0,0,0,0,0,0,0,0
92,装备,Equip,Dagger,Weapon,暗黑刀  血祭,暗黑刀  血祭,Darkblade Bloodrite,暗黒刀「血祭」,암흑도 혈제,攻击力+180／命中:99%#防+14／生命上限+80／敏捷+10#职业限制:盗贼,攻擊力+180／命中:99%#防+14／生命上限+80／敏捷+10#職業限制:盜賊,ATK+180／HIT:99%#DEF+14／MAX_HP+80／Speed+10#Class:Thief,攻击力+180／命中:99%#防+14／生命上限+80／敏捷+10#职业限制:盗贼,92000,46000,0,999,Thief|Assassin|ImperialAssassin,NotUse,1091,"item_2,item_icon_080",0,0,0,476,12091,0,0,0,0,80,0,14,0,10,0,180,0,0,0,0,0,0,0,0,0,0,0,0,0,0,0,0,0,0,0,0,0,0,0,0,0,0,0,0,0,0
93,装备,Equip,Armor,Body,布衣,布衣,Cloth Armor,布の服,천 옷,防御力+4#装备限制:人型,防禦力+4#裝備限制:人型,DEF+4#Humanoid Only,防御力+4#装备限制:人型,80,40,0,999,SwordMan|SwordMaster|SwordKing|BowMan|BowMaster|Priest|PriestMaster|PriestPrincess|Thief|Assassin|Magician|ElfMan|WingWarrior|WindWarrior|BeastWarrior|CrazyWarrior|MagicSwordMan|DarkSwordMan|BowKing|ImperialAssassin|ElfQueen|HolyWingAvatar|BeastSoulOverlord|DarkBladePrincess,NotUse,,"item_2,item_icon_081",0,0,0,477,12092,0,0,0,0,0,0,4,0,0,0,0,0,0,0,0,0,0,0,0,0,0,0,0,0,0,0,0,0,0,0,0,0,0,0,0,0,0,0,0,0,0
94,装备,Equip,Armor,Body,袍,袍,Robe,法衣,로브,防御力+6#职业限制:祭司、魔法师,防禦力+6#職業限制:祭司、魔法師,"DEF+6#Class:Priest, Mage",防御力+6#职业限制:祭司、魔法师,100,50,0,999,Priest|PriestMaster|PriestPrincess|Magician|ElfMan|ElfQueen,NotUse,,"item_2,item_icon_082",0,0,0,478,12093,0,0,0,0,0,0,6,0,0,0,0,0,0,0,0,0,0,0,0,0,0,0,0,0,0,0,0,0,0,0,0,0,0,0,0,0,0,0,0,0,0
95,装备,Equip,Armor,Body,皮铠,皮鎧,Leather Armor,革の鎧,가죽 갑옷,防御力+8#职业限制:剑士、弓箭手、盗贼、斗士、翼战士、魔剑士,防禦力+8#職業限制:劍士、弓箭手、盜賊、鬥士、翼戰士、魔劍士,"DEF+8#Class:Swordsman, Archer, Thief, Fighter, Winged Warrior, Spellblade",防御力+8#职业限制:剑士、弓箭手、盗贼、斗士、翼战士、魔剑士,180,90,0,999,SwordMan|SwordMaster|SwordKing|BowMan|BowMaster|Thief|Assassin|WingWarrior|WindWarrior|BeastWarrior|CrazyWarrior|MagicSwordMan|DarkSwordMan|BowKing|ImperialAssassin|HolyWingAvatar|BeastSoulOverlord|DarkBladePrincess,NotUse,,"item_2,item_icon_083",0,0,0,479,12094,0,0,0,0,0,0,8,0,0,0,0,0,0,0,0,0,0,0,0,0,0,0,0,0,0,0,0,0,0,0,0,0,0,0,0,0,0,0,0,0,0
96,装备,Equip,Armor,Body,锁子甲,鎖子甲,Chainmail,鎖帷子,사슬 갑옷,防御力+12#职业限制:剑士、弓箭手、盗贼、斗士、翼战士、魔剑士,防禦力+12#職業限制:劍士、弓箭手、盜賊、鬥士、翼戰士、魔劍士,"DEF+12#Class:Swordsman, Archer, Thief, Fighter, Winged Warrior, Spellblade",防御力+12#职业限制:剑士、弓箭手、盗贼、斗士、翼战士、魔剑士,360,180,0,999,SwordMan|SwordMaster|SwordKing|BowMan|BowMaster|Thief|Assassin|WingWarrior|WindWarrior|BeastWarrior|CrazyWarrior|MagicSwordMan|DarkSwordMan|BowKing|ImperialAssassin|HolyWingAvatar|BeastSoulOverlord|DarkBladePrincess,NotUse,,"item_2,item_icon_084",0,0,0,480,12095,0,0,0,0,0,0,12,0,0,0,0,0,0,0,0,0,0,0,0,0,0,0,0,0,0,0,0,0,0,0,0,0,0,0,0,0,0,0,0,0,0
97,装备,Equip,Armor,Body,骑士铠甲,騎士鎧甲,Knight Armor,騎士の鎧,기사 갑옷,防御力+18#职业限制:剑士、斗士、翼战士、魔剑士,防禦力+18#職業限制:劍士、鬥士、翼戰士、魔劍士,"DEF+18#Class:Swordsman, Fighter, Winged Warrior, Spellblade",防御力+18#职业限制:剑士、斗士、翼战士、魔剑士,500,250,0,999,SwordMan|SwordMaster|SwordKing|WingWarrior|WindWarrior|BeastWarrior|CrazyWarrior|MagicSwordMan|DarkSwordMan|HolyWingAvatar|BeastSoulOverlord|DarkBladePrincess,NotUse,,"item_2,item_icon_085",0,0,0,481,12096,0,0,0,0,0,0,18,0,0,0,0,0,0,0,0,0,0,0,0,0,0,0,0,0,0,0,0,0,0,0,0,0,0,0,0,0,0,0,0,0,0
98,装备,Equip,Armor,Body,水晶胸铠,水晶胸鎧,Crystal Cuirass,水晶の胸甲,수정 흉갑,防御力+25#职业限制:剑士、斗士、翼战士,防禦力+25#職業限制:劍士、鬥士、翼戰士,"DEF+25#Class:Swordsman, Fighter, Winged Warrior",防御力+25#职业限制:剑士、斗士、翼战士,1600,800,0,999,SwordMan|SwordMaster|SwordKing|WingWarrior|WindWarrior|BeastWarrior|CrazyWarrior|HolyWingAvatar|BeastSoulOverlord,NotUse,,"item_2,item_icon_086",0,0,0,482,12097,0,0,0,0,0,0,25,0,0,0,0,0,0,0,0,0,0,0,0,0,0,0,0,0,0,0,0,0,0,0,0,0,0,0,0,0,0,0,0,0,0
99,装备,Equip,Armor,Body,魔道之袍,魔道之袍,Arcane Robe,魔道のローブ,마도사의 로브,防御力+16／魔击力+4%#职业限制:祭司、魔法师、魔剑士,防禦力+16／魔擊力+4%#職業限制:祭司、魔法師、魔劍士,"DEF+16／MAG ATK+4%#Class:Priest, Mage, Spellblade",防御力+16／魔击力+4%#职业限制:祭司、魔法师、魔剑士,1400,700,0,999,Priest|PriestMaster|PriestPrincess|Magician|ElfMan|MagicSwordMan|DarkSwordMan|ElfQueen|DarkBladePrincess,NotUse,,"item_2,item_icon_087",0,0,0,483,12098,0,0,0,0,0,0,16,0,0,0,0,4,0,0,0,0,0,0,0,0,0,0,0,0,0,0,0,0,0,0,0,0,0,0,0,0,0,0,0,0,0
100,装备,Equip,Armor,Body,清心法衣,清心法衣,Purity Robe,清心の法衣,청심 법의,防御力+20#免疫毒#职业限制:祭司、魔法师,防禦力+20#免疫毒#職業限制:祭司、魔法師,"DEF+20#Immune to Poison#Class:Priest, Mage",防御力+20#免疫毒#职业限制:祭司、魔法师,2600,1300,0,999,Priest|PriestMaster|PriestPrincess|Magician|ElfMan|ElfQueen,NotUse,2006,"item_2,item_icon_088",0,0,0,484,12099,0,0,0,0,0,0,20,0,0,0,0,0,0,0,0,0,0,0,0,0,0,0,0,0,0,0,0,0,0,0,0,0,0,0,0,0,0,0,0,0,0
101,装备,Equip,Armor,Body,战神铠甲,戰神鎧甲,War God Armor,戦神の鎧,전신 전갑,防御力+40／攻击力+8#职业限制:剑士、弓箭手、斗士、翼战士、魔剑士,防禦力+40／攻擊力+8#職業限制:劍士、弓箭手、鬥士、翼戰士、魔劍士,"DEF+40／ATK+8#Class:Swordsman, Archer, Fighter, Winged Warrior, Spellblade",防御力+40／攻击力+8#职业限制:剑士、弓箭手、斗士、翼战士、魔剑士,4000,2000,0,999,SwordMan|SwordMaster|SwordKing|BowMan|BowMaster|WingWarrior|WindWarrior|BeastWarrior|CrazyWarrior|MagicSwordMan|DarkSwordMan|BowKing|HolyWingAvatar|BeastSoulOverlord|DarkBladePrincess,NotUse,,"item_2,item_icon_089",0,0,0,485,12100,0,0,0,0,0,0,40,0,0,0,8,0,0,0,0,0,0,0,0,0,0,0,0,0,0,0,0,0,0,0,0,0,0,0,0,0,0,0,0,0,0
102,装备,Equip,Armor,Body,皇家铠甲,皇家鎧甲,Royal Armor,王家の鎧,황실 전갑,防御力+29#高价值#职业限制:弓箭手、盗贼、斗士,防禦力+29#高價值#職業限制:弓箭手、盜賊、鬥士,"DEF+29#Valuable#Class:Archer, Thief, Fighter",防御力+29#高价值#职业限制:弓箭手、盗贼、斗士,20000,10000,0,999,SwordMan|SwordMaster|SwordKing|BowMan|BowMaster|Thief|Assassin|WingWarrior|WindWarrior|BeastWarrior|CrazyWarrior|MagicSwordMan|DarkSwordMan|BowKing|ImperialAssassin|HolyWingAvatar|BeastSoulOverlord|DarkBladePrincess,NotUse,,"item_2,item_icon_090",0,0,0,486,12101,0,0,0,0,0,0,29,0,0,0,0,0,0,0,0,0,0,0,0,0,0,0,0,0,0,0,0,0,0,0,0,0,0,0,0,0,0,0,0,0,0
103,装备,Equip,Armor,Body,隐忍黑衣,隱忍黑衣,Shadow Garb,忍びの黒装束,닌자 흑의,防御力+35／敏捷+12#偷物品几率+20%#职业限制:弓箭手、斗士、翼战士,防禦力+35／敏捷+12#偷物品機率+20%#職業限制:弓箭手、鬥士、翼戰士,"DEF+35／Speed+12#Item Steal Rate+20%#Class:Archer, Fighter, Winged Warrior",防御力+35／敏捷+12#偷物品几率+20%#职业限制:弓箭手、斗士、翼战士,2800,1400,0,999,BowMan|BowMaster|Thief|Assassin|WingWarrior|WindWarrior|BowKing|ImperialAssassin|HolyWingAvatar,NotUse,,"item_2,item_icon_091",0,0,0,487,12102,0,0,0,0,0,0,35,0,12,0,0,0,0,0,0,0,0,0,0,0,0,0,0,0,0,0,20,0,0,0,0,0,0,0,0,0,0,0,0,0,0
104,装备,Equip,Armor,Body,狱炎之铠,獄炎之鎧,Infernal Armor,獄炎の鎧,옥염 갑옷,防御力+54／抗火+20%#职业限制:剑士、弓箭手、盗贼、斗士、翼战士、魔剑士,防禦力+54／抗火+20%#職業限制:劍士、弓箭手、盜賊、鬥士、翼戰士、魔劍士,"DEF+54／Fire RES+20%#Class:Swordsman, Archer, Thief, Fighter, Winged Warrior, Spellblade",防御力+54／抗火+20%#职业限制:剑士、弓箭手、盗贼、斗士、翼战士、魔剑士,6800,3400,0,999,SwordMan|SwordMaster|SwordKing|BowMan|BowMaster|WingWarrior|WindWarrior|BeastWarrior|CrazyWarrior|MagicSwordMan|DarkSwordMan|BowKing|HolyWingAvatar|BeastSoulOverlord|DarkBladePrincess,NotUse,,"item_2,item_icon_092",0,0,0,488,12103,0,0,0,0,0,0,54,0,0,0,0,0,20,0,0,0,0,0,0,0,0,0,0,0,0,0,0,0,0,0,0,0,0,0,0,0,0,0,0,0,0
105,装备,Equip,Armor,Body,白霜之铠,白霜之鎧,Frost Armor,白霜の鎧,서리 갑옷,防御力+52／抗水+20%#职业限制:剑士、弓箭手、盗贼、斗士、翼战士、魔剑士,防禦力+52／抗水+20%#職業限制:劍士、弓箭手、盜賊、鬥士、翼戰士、魔劍士,"DEF+52／Water RES+20%#Class:Swordsman, Archer, Thief, Fighter, Winged Warrior, Spellblade",防御力+52／抗水+20%#职业限制:剑士、弓箭手、盗贼、斗士、翼战士、魔剑士,6000,3000,0,999,SwordMan|SwordMaster|SwordKing|BowMan|BowMaster|Thief|Assassin|WingWarrior|WindWarrior|BeastWarrior|CrazyWarrior|MagicSwordMan|DarkSwordMan|BowKing|ImperialAssassin|HolyWingAvatar|BeastSoulOverlord|DarkBladePrincess,NotUse,,"item_2,item_icon_093",0,0,0,489,12104,0,0,0,0,0,0,52,0,0,0,0,0,0,20,0,0,0,0,0,0,0,0,0,0,0,0,0,0,0,0,0,0,0,0,0,0,0,0,0,0,0
106,装备,Equip,Armor,Body,夕雾之袍,夕霧之袍,Duskmist Robe,夕霧の衣,안개의 로브,防御力+30／抗风+20%#职业限制:祭司、魔法师,防禦力+30／抗風+20%#職業限制:祭司、魔法師,"DEF+30／Wind RES+20%#Class:Priest, Mage",防御力+30／抗风+20%#职业限制:祭司、魔法师,6200,3100,0,999,Priest|PriestMaster|PriestPrincess|Magician|ElfMan|ElfQueen,NotUse,,"item_2,item_icon_094",0,0,0,490,12105,0,0,0,0,0,0,30,0,0,0,0,0,0,0,20,0,0,0,0,0,0,0,0,0,0,0,0,0,0,0,0,0,0,0,0,0,0,0,0,0,0
107,装备,Equip,Armor,Body,大地之衣,大地之衣,Earth Garb,大地の衣,대지의 옷,防御力+48／抗土+20%#职业限制:祭司、魔法师,防禦力+48／抗土+20%#職業限制:祭司、魔法師,"DEF+48／Earth RES+20%#Class:Priest, Mage",防御力+48／抗土+20%#职业限制:祭司、魔法师,8000,4000,0,999,Priest|PriestMaster|PriestPrincess|Magician|ElfMan|ElfQueen,NotUse,,"item_2,item_icon_095",0,0,0,491,12106,0,0,0,0,0,0,48,0,0,0,0,0,0,0,0,20,0,0,0,0,0,0,0,0,0,0,0,0,0,0,0,0,0,0,0,0,0,0,0,0,0
108,装备,Equip,Armor,Body,地龙甲  玄武,地龍甲  玄武,Wyrmplate Xuanwu,地竜甲「玄武」,지룡갑 현무,防御力+68／抗土+15%#职业限制:剑士、弓箭手、斗士、翼战士,防禦力+68／抗土+15%#職業限制:劍士、弓箭手、鬥士、翼戰士,"DEF+68／Earth RES+15%#Class:Swordsman, Archer, Fighter, Winged Warrior",防御力+68／抗土+15%#职业限制:剑士、弓箭手、斗士、翼战士,10000,5000,0,999,SwordMan|SwordMaster|SwordKing|BowMan|BowMaster|WingWarrior|WindWarrior|BeastWarrior|CrazyWarrior|BowKing|HolyWingAvatar|BeastSoulOverlord,NotUse,,"item_2,item_icon_096",0,0,0,492,12107,0,0,0,0,0,0,68,0,0,0,0,0,0,0,0,15,0,0,0,0,0,0,0,0,0,0,0,0,0,0,0,0,0,0,0,0,0,0,0,0,0
109,装备,Equip,Armor,Body,法王圣衣,法王聖衣,Hierophant Robe,法王の聖衣,법왕 성의,防御力+74／魔击力+6%#职业限制:祭司、魔法师、魔剑士,防禦力+74／魔擊力+6%#職業限制:祭司、魔法師、魔劍士,"DEF+74／MAG ATK+6%#Class:Priest, Mage, Spellblade",防御力+74／魔击力+6%#职业限制:祭司、魔法师、魔剑士,14000,7000,0,999,Priest|PriestMaster|PriestPrincess|Magician|ElfMan|MagicSwordMan|DarkSwordMan|ElfQueen|DarkBladePrincess,NotUse,,"item_2,item_icon_097",0,0,0,493,12108,0,0,0,0,0,0,74,0,0,0,0,6,0,0,0,0,0,0,0,0,0,0,0,0,0,0,0,0,0,0,0,0,0,0,0,0,0,0,0,0,0
110,装备,Equip,Armor,Body,苍空之铠,蒼空之鎧,Azure Sky Armor,蒼天の鎧,창공의 갑옷,防御力+70／敏捷+13#移动距离+1#职业限制:剑士、弓箭手、盗贼、斗士、翼战士、魔剑士,防禦力+70／敏捷+13#移動距離+1#職業限制:劍士、弓箭手、盜賊、鬥士、翼戰士、魔劍士,"DEF+70／Speed+13#Move+1#Class:Swordsman, Archer, Thief, Fighter, Winged Warrior, Spellblade",防御力+70／敏捷+13#移动距离+1#职业限制:剑士、弓箭手、盗贼、斗士、翼战士、魔剑士,36000,18000,0,999,SwordMan|SwordMaster|SwordKing|BowMan|BowMaster|Thief|Assassin|WingWarrior|WindWarrior|BeastWarrior|CrazyWarrior|MagicSwordMan|DarkSwordMan|BowKing|ImperialAssassin|HolyWingAvatar|BeastSoulOverlord|DarkBladePrincess,NotUse,,"item_2,item_icon_098",0,0,0,494,12109,0,0,0,0,0,0,70,0,13,1,0,0,0,0,0,0,0,0,0,0,0,0,0,0,0,0,0,0,0,0,0,0,0,0,0,0,0,0,0,0,0
111,装备,Equip,Armor,Body,影月圣袍,影月聖袍,Shadowmoon Robe,影月の聖衣,영월 성포,防御力+62／魔击力+15%#职业限制:祭司、魔法师,防禦力+62／魔擊力+15%#職業限制:祭司、魔法師,"DEF+62／MAG ATK+15%#Class:Priest, Mage",防御力+62／魔击力+15%#职业限制:祭司、魔法师,18000,9000,0,999,Priest|PriestMaster|PriestPrincess|Magician|ElfMan|ElfQueen,NotUse,,"item_3,item_icon_099",0,0,0,495,12110,0,0,0,0,0,0,62,0,0,0,0,15,0,0,0,0,0,0,0,0,0,0,0,0,0,0,0,0,0,0,0,0,0,0,0,0,0,0,0,0,0
112,装备,Equip,Armor,Body,圣帝之铠,聖帝之鎧,Holy Emperor Armor,聖帝の鎧,성제의 갑옷,防御力+81／闪避率+10%#职业限制:剑士、弓箭手、斗士、翼战士,防禦力+81／閃避率+10%#職業限制:劍士、弓箭手、鬥士、翼戰士,"DEF+81／Evasion Rate+10%#Class:Swordsman, Archer, Fighter, Winged Warrior",防御力+81／闪避率+10%#职业限制:剑士、弓箭手、斗士、翼战士,26000,13000,0,999,SwordMan|SwordMaster|SwordKing|BowMan|BowMaster|WingWarrior|WindWarrior|BeastWarrior|CrazyWarrior|BowKing|HolyWingAvatar|BeastSoulOverlord,NotUse,,"item_3,item_icon_100",0,0,0,496,12111,0,0,0,0,0,0,81,0,0,0,0,0,0,0,0,0,0,0,0,0,0,0,0,10,0,0,0,0,0,0,0,0,0,0,0,0,0,0,0,0,0
113,装备,Equip,Armor,Body,冥王之铠,冥王之鎧,Nether King Armor,冥王の鎧,명왕의 갑옷,防御力+89／攻击力+10／武器命中率+10%#职业限制:剑士、盗贼、翼战士、魔剑士,防禦力+89／攻擊力+10／武器命中率+10%#職業限制:劍士、盜賊、翼戰士、魔劍士,"DEF+89／ATK+10／WPN ACC+10%#Class:Swordsman, Thief, Winged Warrior, Spellblade",防御力+89／攻击力+10／武器命中率+10%#职业限制:剑士、盗贼、翼战士、魔剑士,32000,16000,0,999,SwordMan|SwordMaster|SwordKing|Thief|Assassin|BeastWarrior|CrazyWarrior|MagicSwordMan|DarkSwordMan|ImperialAssassin|BeastSoulOverlord|DarkBladePrincess,NotUse,,"item_3,item_icon_101",0,0,0,497,12112,0,0,0,0,0,0,89,0,0,0,10,0,0,0,0,0,0,0,10,0,0,0,0,0,0,0,0,0,0,0,0,0,0,0,0,0,0,0,0,0,0
114,装备,Equip,Armor,Body,武神铠,武神鎧,Martial God Armor,武神の鎧,무신의 갑옷,防御力+94／敏捷-10／反击率+10%#职业限制:弓箭手、斗士、翼战士、魔剑士,防禦力+94／敏捷-10／反擊率+10%#職業限制:弓箭手、鬥士、翼戰士、魔劍士,"DEF+94／Speed-10／Counter Rate+10%#Class:Archer, Fighter, Winged Warrior, Spellblade",防御力+94／敏捷-10／反击率+10%#职业限制:弓箭手、斗士、翼战士、魔剑士,48000,24000,0,999,BowMan|BowMaster|WingWarrior|WindWarrior|BeastWarrior|CrazyWarrior|MagicSwordMan|DarkSwordMan|BowKing|HolyWingAvatar|BeastSoulOverlord|DarkBladePrincess,NotUse,,"item_3,item_icon_102",0,0,0,498,12113,0,0,0,0,0,0,94,0,-10,0,0,0,0,0,0,0,0,0,0,0,0,0,0,0,10,0,0,0,0,0,0,0,0,0,0,0,0,0,0,0,0
115,装备,Equip,Armor,Body,暗黑铠  魔狱,暗黑鎧  魔獄,Dreadplate Abyss,暗黒鎧「魔獄」,암흑 갑옷 마옥,防御力+101／攻+20／魔击力+17%#职业限制:魔剑士,防禦力+101／攻+20／魔擊力+17%#職業限制:魔劍士,DEF+101／ATK+20／MAG ATK+17%#Class:Spellblade,防御力+101／攻+20／魔击力+17%#职业限制:魔剑士,80000,40000,0,999,MagicSwordMan|DarkSwordMan|DarkBladePrincess,NotUse,,"item_3,item_icon_103",0,0,0,499,12114,0,0,0,0,0,0,101,0,0,0,20,17,0,0,0,0,0,0,0,0,0,0,0,0,0,0,0,0,0,0,0,0,0,0,0,0,0,0,0,0,0
116,装备,Equip,Armor,Body,圣护服  天映,聖護服  天映,Aegis Robe Radiance,聖護服「天映」,신성 갑옷 천영,防御力+99／敏捷+18#免疫异常状态#职业限制:剑士,防禦力+99／敏捷+18#免疫異常狀態#職業限制:劍士,DEF+99／Speed+18#Immune to Status Ailments#Class:Swordsman,防御力+99／敏捷+18#免疫异常状态#职业限制:剑士,90000,45000,0,999,SwordMan|SwordMaster|SwordKing,NotUse,2022,"item_3,item_icon_104",0,0,0,500,12115,0,0,0,0,0,0,99,0,18,0,0,0,0,0,0,0,0,0,0,0,0,0,0,0,0,0,0,0,0,0,0,0,0,0,0,0,0,0,0,0,0
117,装备,Equip,Armor,Body,怨念血衣,怨念血衣,Bloodcurse Garb,怨念の血衣,원한의 혈의,防御力+60#每回合减生命力加魔法力#职业限制:剑士、祭司、魔法师、斗士、魔剑士,防禦力+60#每回合減生命力加魔法力#職業限制:劍士、祭司、魔法師、鬥士、魔劍士,"DEF+60#Loses HP and Restores MP Each Round#Class:Swordsman, Priest, Mage, Fighter, Spellblade",防御力+60#每回合减生命力加魔法力#职业限制:剑士、祭司、魔法师、斗士、魔剑士,8000,4000,0,999,SwordMan|SwordMaster|SwordKing|Priest|PriestMaster|PriestPrincess|Magician|ElfMan|WingWarrior|WindWarrior|MagicSwordMan|DarkSwordMan|ElfQueen|HolyWingAvatar|DarkBladePrincess,NotUse,2001,"item_3,item_icon_105",0,0,0,501,12116,0,0,0,0,0,0,60,0,0,0,0,0,0,0,0,0,0,0,0,0,0,0,0,0,0,0,0,0,0,0,0,0,0,0,0,0,0,0,0,0,0
118,装备,Equip,Armor,Body,奥汀特制T恤,奧汀特製T恤,UJ T-Shirt,オーディン特製Tシャツ,오딘 스페셜 티셔츠,防御力+999／攻-999／魔击力-999%#敏捷-999／全抗力+99%#装备限制:人型,防禦力+999／攻-999／魔擊力-999%#敏捷-999／全抗力+99%#裝備限制:人型,DEF+999／ATK-999／MAG ATK-999%#Speed-999／All RES+99%#Humanoid Only,防御力+999／攻-999／魔击力-999%#敏捷-999／全抗力+99%#装备限制:人型,20000,10000,0,999,SwordMan|SwordMaster|SwordKing|BowMan|BowMaster|Priest|PriestMaster|PriestPrincess|Thief|Assassin|Magician|ElfMan|WingWarrior|WindWarrior|BeastWarrior|CrazyWarrior|MagicSwordMan|DarkSwordMan|BowKing|ImperialAssassin|ElfQueen|HolyWingAvatar|BeastSoulOverlord|DarkBladePrincess,NotUse,,"item_3,item_icon_106",0,0,0,502,12117,0,0,0,0,0,0,999,0,-999,0,-999,-999,99,99,99,99,99,0,0,0,0,0,0,0,0,0,0,0,0,0,0,0,0,0,0,0,0,0,0,0,0
119,装备,Equip,Armor,Body,女学生服,女學生服,Schoolgirl Uniform,セーラー服,교복,防御力+15#职业限制:祭司#缇娜专属特殊服装，放在仓库中满足条件即可触发特殊事件，之后可在状态界面切换外观。,"防禦力+15#職業限制:祭司#緹娜專屬特殊服裝,放在倉庫中滿足條件就可以觸發特殊事件,之後可以在狀態中切換外觀。","DEF+15#Class:Priest#Tina's exclusive special outfit. Keep it in the storage to trigger a special event when the conditions are met. Afterward, you can change her appearance in the Status menu.",防御力+15#职业限制:祭司#缇娜专属特殊服装，放在仓库中满足条件即可触发特殊事件，之后可在状态界面切换外观。,100,50,1,999,Priest|PriestMaster|PriestPrincess,NotUse,,"item_3,item_icon_107",0,0,0,503,12118,0,0,0,0,0,0,15,0,0,0,0,0,0,0,0,0,0,0,0,0,0,0,0,0,0,0,0,0,0,0,0,0,0,0,0,0,0,0,0,0,0
120,装备,Equip,Armor,Body,兔女郎装,兔女郎裝,Bunny Suit,バニーガール衣装,바니걸,防御力+2／攻+1／魔击力+1%／敏捷+1#职业限制:魔法师#雪拉专属特殊服装，放在仓库中满足条件即可触发特殊事件，之后可在状态界面切换外观。,"防禦力+2／攻+1／魔擊力+1%／敏捷+1#職業限制:魔法師#雪拉專屬特殊服裝,放在倉庫中滿足條件就可以觸發特殊事件,之後可以在狀態中切換外觀。","DEF+2／ATK+1／MAG ATK+1%／Speed+1#Class:Mage#Shira's exclusive special outfit. Keep it in the storage to trigger a special event when the conditions are met. Afterward, you can change her appearance in the Status menu.",防御力+2／攻+1／魔击力+1%／敏捷+1#职业限制:魔法师#雪拉专属特殊服装，放在仓库中满足条件即可触发特殊事件，之后可在状态界面切换外观。,100,50,30,999,Magician|ElfMan|ElfQueen,NotUse,,"item_3,item_icon_108",0,0,0,504,12119,0,0,0,0,0,0,2,0,1,0,1,1,0,0,0,0,0,0,0,0,0,0,0,0,0,0,0,0,0,0,0,0,0,0,0,0,0,0,0,0,0
121,装备,Equip,Helmet,Head,头巾,頭巾,Headband,頭巾,두건,防御力+2#职业限制:剑士、弓箭手、盗贼、斗士、翼战士,防禦力+2#職業限制:劍士、弓箭手、盜賊、鬥士、翼戰士,"DEF+2#Class:Swordsman, Archer, Thief, Fighter, Winged Warrior",防御力+2#职业限制:剑士、弓箭手、盗贼、斗士、翼战士,100,50,0,999,SwordMan|SwordMaster|SwordKing|BowMan|BowMaster|Thief|Assassin|WingWarrior|WindWarrior|BeastWarrior|CrazyWarrior|BowKing|ImperialAssassin|HolyWingAvatar|BeastSoulOverlord,NotUse,,"item_3,item_icon_109",0,0,0,505,12120,0,0,0,0,0,0,2,0,0,0,0,0,0,0,0,0,0,0,0,0,0,0,0,0,0,0,0,0,0,0,0,0,0,0,0,0,0,0,0,0,0
122,装备,Equip,Helmet,Head,皮帽,皮帽,Leather Cap,皮の帽子,가죽 모자,防御力+4#装备限制:人型,防禦力+4#裝備限制:人型,DEF+4#Humanoid Only,防御力+4#装备限制:人型,160,80,0,999,SwordMan|SwordMaster|SwordKing|BowMan|BowMaster|Priest|PriestMaster|PriestPrincess|Thief|Assassin|Magician|ElfMan|WingWarrior|WindWarrior|BeastWarrior|CrazyWarrior|MagicSwordMan|DarkSwordMan|BowKing|ImperialAssassin|ElfQueen|HolyWingAvatar|BeastSoulOverlord|DarkBladePrincess,NotUse,,"item_3,item_icon_110",0,0,0,506,12121,0,0,0,0,0,0,4,0,0,0,0,0,0,0,0,0,0,0,0,0,0,0,0,0,0,0,0,0,0,0,0,0,0,0,0,0,0,0,0,0,0
123,装备,Equip,Helmet,Head,铁护轮,鐵護輪,Iron Headguard,鉄護輪,철호륜,防御力+6#职业限制:剑士、斗士、翼战士,防禦力+6#職業限制:劍士、鬥士、翼戰士,"DEF+6#Class:Swordsman, Fighter, Winged Warrior",防御力+6#职业限制:剑士、斗士、翼战士,300,150,0,999,SwordMan|SwordMaster|SwordKing|WingWarrior|WindWarrior|BeastWarrior|CrazyWarrior|BowMaster|HolyWingAvatar|BeastSoulOverlord|BowKing,NotUse,,"item_3,item_icon_111",0,0,0,507,12122,0,0,0,0,0,0,6,0,0,0,0,0,0,0,0,0,0,0,0,0,0,0,0,0,0,0,0,0,0,0,0,0,0,0,0,0,0,0,0,0,0
124,装备,Equip,Helmet,Head,钢铁头盔,鋼鐵頭盔,Steel Helm,鉄の兜,강철 투구,防御力+10#职业限制:剑士、斗士、翼战士、魔剑士,防禦力+10#職業限制:劍士、鬥士、翼戰士、魔劍士,"DEF+10#Class:Swordsman, Fighter, Winged Warrior, Spellblade",防御力+10#职业限制:剑士、斗士、翼战士、魔剑士,520,260,0,999,SwordMan|SwordMaster|SwordKing|WingWarrior|WindWarrior|BeastWarrior|CrazyWarrior|MagicSwordMan|DarkSwordMan|HolyWingAvatar|BeastSoulOverlord|DarkBladePrincess,NotUse,,"item_3,item_icon_112",0,0,0,508,12123,0,0,0,0,0,0,10,0,0,0,0,0,0,0,0,0,0,0,0,0,0,0,0,0,0,0,0,0,0,0,0,0,0,0,0,0,0,0,0,0,0
125,装备,Equip,Helmet,Head,水晶头盔,水晶頭盔,Crystal Helm,水晶の兜,수정 투구,防御力+12#职业限制:剑士、弓箭手、斗士、翼战士,防禦力+12#職業限制:劍士、弓箭手、鬥士、翼戰士,"DEF+12#Class:Swordsman, Archer, Fighter, Winged Warrior",防御力+12#职业限制:剑士、弓箭手、斗士、翼战士,700,350,0,999,SwordMan|SwordMaster|SwordKing|BowMan|BowMaster|WingWarrior|WindWarrior|BeastWarrior|CrazyWarrior|BowKing|HolyWingAvatar|BeastSoulOverlord,NotUse,,"item_3,item_icon_113",0,0,0,509,12124,0,0,0,0,0,0,12,0,0,0,0,0,0,0,0,0,0,0,0,0,0,0,0,0,0,0,0,0,0,0,0,0,0,0,0,0,0,0,0,0,0
126,装备,Equip,Helmet,Head,魔法帽子,魔法帽子,Mage Hat,魔法の帽子,마법 모자,防御力+3／魔击力+1%#职业限制:祭司、魔法师、魔剑士,防禦力+3／魔擊力+1%#職業限制:祭司、魔法師、魔劍士,"DEF+3／MAG ATK+1%#Class:Priest, Mage, Spellblade",防御力+3／魔击力+1%#职业限制:祭司、魔法师、魔剑士,260,130,0,999,Priest|PriestMaster|PriestPrincess|Magician|ElfMan|MagicSwordMan|DarkSwordMan|ElfQueen|DarkBladePrincess,NotUse,,"item_3,item_icon_114",0,0,0,510,12125,0,0,0,0,0,0,3,0,0,0,0,1,0,0,0,0,0,0,0,0,0,0,0,0,0,0,0,0,0,0,0,0,0,0,0,0,0,0,0,0,0
127,装备,Equip,Helmet,Head,皇家头盔,皇家頭盔,Royal Helm,皇家の兜,황실 투구,防御力+8#高价值#职业限制:剑士、弓箭手、盗贼、斗士、翼战士、魔剑士,防禦力+8#高價值#職業限制:劍士、弓箭手、盜賊、鬥士、翼戰士、魔劍士,"DEF+8#Valuable#Class:Swordsman, Archer, Thief, Fighter, Winged Warrior, Spellblade",防御力+8#高价值#职业限制:剑士、弓箭手、盗贼、斗士、翼战士、魔剑士,20000,10000,0,999,SwordMan|SwordMaster|SwordKing|BowMan|BowMaster|Thief|Assassin|WingWarrior|WindWarrior|BeastWarrior|CrazyWarrior|MagicSwordMan|DarkSwordMan|BowKing|ImperialAssassin|HolyWingAvatar|BeastSoulOverlord|DarkBladePrincess,NotUse,,"item_3,item_icon_115",0,0,0,511,12126,0,0,0,0,0,0,8,0,0,0,0,0,0,0,0,0,0,0,0,0,0,0,0,0,0,0,0,0,0,0,0,0,0,0,0,0,0,0,0,0,0
128,装备,Equip,Helmet,Head,魔兽头骨,魔獸頭骨,Beast Skull,魔獣の頭蓋骨,마수의 두개골,防御力+15／攻+3#职业限制:剑士、弓箭手、盗贼、斗士、翼战士、魔剑士,防禦力+15／攻+3#職業限制:劍士、弓箭手、盜賊、鬥士、翼戰士、魔劍士,"DEF+15／ATK+3#Class:Swordsman, Archer, Thief, Fighter, Winged Warrior, Spellblade",防御力+15／攻+3#职业限制:剑士、弓箭手、盗贼、斗士、翼战士、魔剑士,800,400,0,999,SwordMan|SwordMaster|SwordKing|BowMan|BowMaster|Thief|Assassin|WingWarrior|WindWarrior|BeastWarrior|CrazyWarrior|MagicSwordMan|DarkSwordMan|BowKing|ImperialAssassin|HolyWingAvatar|BeastSoulOverlord|DarkBladePrincess,NotUse,,"item_3,item_icon_116",0,0,0,512,12127,0,0,0,0,0,0,15,0,0,0,3,0,0,0,0,0,0,0,0,0,0,0,0,0,0,0,0,0,0,0,0,0,0,0,0,0,0,0,0,0,0
129,装备,Equip,Helmet,Head,司祭帽子,司祭帽子,Priest Hat,司祭の帽子,사제 모자,防御力+6／魔击力+3%#职业限制:祭司、魔法师,防禦力+6／魔擊力+3%#職業限制:祭司、魔法師,"DEF+6／MAG ATK+3%#Class:Priest, Mage",防御力+6／魔击力+3%#职业限制:祭司、魔法师,680,340,0,999,Priest|PriestMaster|PriestPrincess|Magician|ElfMan|ElfQueen,NotUse,,"item_3,item_icon_117",0,0,0,513,12128,0,0,0,0,0,0,6,0,0,0,0,3,0,0,0,0,0,0,0,0,0,0,0,0,0,0,0,0,0,0,0,0,0,0,0,0,0,0,0,0,0
130,装备,Equip,Helmet,Head,誓言头巾,誓言頭巾,Oath Headband,誓いの頭巾,맹세의 두건,防御力+18／敏捷+2#职业限制:剑士、弓箭手、翼战士,防禦力+18／敏捷+2#職業限制:劍士、弓箭手、翼戰士,"DEF+18／Speed+2#Class:Swordsman, Archer, Winged Warrior",防御力+18／敏捷+2#职业限制:剑士、弓箭手、翼战士,1200,600,0,999,SwordMan|SwordMaster|SwordKing|BowMan|BowMaster|WingWarrior|WindWarrior|BowKing|HolyWingAvatar,NotUse,,"item_3,item_icon_118",0,0,0,514,12129,0,0,0,0,0,0,18,0,2,0,0,0,0,0,0,0,0,0,0,0,0,0,0,0,0,0,0,0,0,0,0,0,0,0,0,0,0,0,0,0,0
131,装备,Equip,Helmet,Head,精灵头环,精靈頭環,Fae Circlet,精霊のサークレット,정령 머리띠,防御力+12／魔击力+4%／敏捷+2／抗心灵+6%#职业限制:祭司、魔法师、魔剑士,防禦力+12／魔擊力+4%／敏捷+2／抗心靈+6%#職業限制:祭司、魔法師、魔劍士,"DEF+12／MAG ATK+4%／Speed+2／Mind RES+6%#Class:Priest, Mage, Spellblade",防御力+12／魔击力+4%／敏捷+2／抗心灵+6%#职业限制:祭司、魔法师、魔剑士,1600,800,0,999,Priest|PriestMaster|PriestPrincess|Magician|ElfMan|MagicSwordMan|DarkSwordMan|ElfQueen|DarkBladePrincess,NotUse,,"item_3,item_icon_119",0,0,0,515,12130,0,0,0,0,0,0,12,0,2,0,0,4,0,0,0,0,6,0,0,0,0,0,0,0,0,0,0,0,0,0,0,0,0,0,0,0,0,0,0,0,0
132,装备,Equip,Helmet,Head,狂战士头盔,狂戰士頭盔,Berserker Helm,狂戦士の兜,광전사 투구,防御力+25#职业限制:剑士、斗士、翼战士,防禦力+25#職業限制:劍士、鬥士、翼戰士,"DEF+25#Class:Swordsman, Fighter, Winged Warrior",防御力+25#职业限制:剑士、斗士、翼战士,1800,900,0,999,SwordMan|SwordMaster|SwordKing|WingWarrior|WindWarrior|BeastWarrior|CrazyWarrior|HolyWingAvatar|BeastSoulOverlord,NotUse,,"item_3,item_icon_120",0,0,0,516,12131,0,0,0,0,0,0,25,0,0,0,0,0,0,0,0,0,0,0,0,0,0,0,0,0,0,0,0,0,0,0,0,0,0,0,0,0,0,0,0,0,0
133,装备,Equip,Helmet,Head,女神之冠,女神之冠,Goddess Crown,女神の冠,여신의 왕관,防御力+22#职业限制:祭司、魔法师,防禦力+22#職業限制:祭司、魔法師,"DEF+22#Class:Priest, Mage",防御力+22#职业限制:祭司、魔法师,2600,1300,0,999,Priest|PriestMaster|PriestPrincess|Magician|ElfMan|ElfQueen,NotUse,,"item_3,item_icon_121",0,0,0,517,12132,0,0,0,0,0,0,22,0,0,0,0,0,0,0,0,0,0,0,0,0,0,0,0,0,0,0,0,0,0,0,0,0,0,0,0,0,0,0,0,0,0
134,装备,Equip,Helmet,Head,刚岩之盔,剛岩之盔,Granite Helm,剛岩の兜,강암 투구,防御力+31／魔击力-10%／敏捷-8#职业限制:剑士、弓箭手、斗士、翼战士,防禦力+31／魔擊力-10%／敏捷-8#職業限制:劍士、弓箭手、鬥士、翼戰士,"DEF+31／MAG ATK-10%／Speed-8#Class:Swordsman, Archer, Fighter, Winged Warrior",防御力+31／魔击力-10%／敏捷-8#职业限制:剑士、弓箭手、斗士、翼战士,2400,1200,0,999,SwordMan|SwordMaster|SwordKing|BowMan|BowMaster|WingWarrior|WindWarrior|BeastWarrior|CrazyWarrior|BowKing|HolyWingAvatar|BeastSoulOverlord,NotUse,,"item_3,item_icon_122",0,0,0,518,12133,0,0,0,0,0,0,31,0,-8,0,0,-10,0,0,0,0,0,0,0,0,0,0,0,0,0,0,0,0,0,0,0,0,0,0,0,0,0,0,0,0,0
135,装备,Equip,Helmet,Head,极光护轮,極光護輪,Aurora Circlet,極光のチャクラム,극광호륜,防御力+25／敏捷+8#装备限制:人型,防禦力+25／敏捷+8#裝備限制:人型,DEF+25／Speed+8#Humanoid Only,防御力+25／敏捷+8#装备限制:人型,2600,1300,0,999,SwordMan|SwordMaster|SwordKing|BowMan|BowMaster|Priest|PriestMaster|PriestPrincess|Thief|Assassin|Magician|ElfMan|WingWarrior|WindWarrior|BeastWarrior|CrazyWarrior|MagicSwordMan|DarkSwordMan|BowKing|ImperialAssassin|ElfQueen|HolyWingAvatar|BeastSoulOverlord|DarkBladePrincess,NotUse,,"item_3,item_icon_123",0,0,0,519,12134,0,0,0,0,0,0,25,0,8,0,0,0,0,0,0,0,0,0,0,0,0,0,0,0,0,0,0,0,0,0,0,0,0,0,0,0,0,0,0,0,0
136,装备,Equip,Helmet,Head,邪眼假面,邪眼假面,Evil Eye Mask,邪眼の仮面,사안 가면,防御力+30／攻+7／武器命中率+10%#职业限制:盗贼、斗士、翼战士、魔剑士,防禦力+30／攻+7／武器命中率+10%#職業限制:盜賊、鬥士、翼戰士、魔劍士,"DEF+30／ATK+7／WPN ACC+10%#Class:Thief, Fighter, Winged Warrior, Spellblade",防御力+30／攻+7／武器命中率+10%#职业限制:盗贼、斗士、翼战士、魔剑士,4000,2000,0,999,Thief|Assassin|WingWarrior|WindWarrior|BeastWarrior|CrazyWarrior|MagicSwordMan|DarkSwordMan|ImperialAssassin|HolyWingAvatar|BeastSoulOverlord|DarkBladePrincess,NotUse,,"item_3,item_icon_124",0,0,0,520,12135,0,0,0,0,0,0,30,0,0,0,7,0,0,0,0,0,0,0,10,0,0,0,0,0,0,0,0,0,0,0,0,0,0,0,0,0,0,0,0,0,0
137,装备,Equip,Helmet,Head,星尘之冠,星塵之冠,Stardust Crown,星屑の冠,별빛 왕관,防御力+28／魔击力+12%#职业限制:祭司、魔法师、魔剑士,防禦力+28／魔擊力+12%#職業限制:祭司、魔法師、魔劍士,"DEF+28／MAG ATK+12%#Class:Priest, Mage, Spellblade",防御力+28／魔击力+12%#职业限制:祭司、魔法师、魔剑士,3600,1800,0,999,Priest|PriestMaster|PriestPrincess|Magician|ElfMan|MagicSwordMan|DarkSwordMan|ElfQueen|DarkBladePrincess,NotUse,,"item_3,item_icon_125",0,0,0,521,12136,0,0,0,0,0,0,28,0,0,0,0,12,0,0,0,0,0,0,0,0,0,0,0,0,0,0,0,0,0,0,0,0,0,0,0,0,0,0,0,0,0
138,装备,Equip,Helmet,Head,旭日之盔,旭日之盔,Sunrise Helm,旭日の兜,욱일의 투구,防御力+33#职业限制:剑士、弓箭手、盗贼、斗士、翼战士、魔剑士,防禦力+33#職業限制:劍士、弓箭手、盜賊、鬥士、翼戰士、魔劍士,"DEF+33#Class:Swordsman, Archer, Thief, Fighter, Winged Warrior, Spellblade",防御力+33#职业限制:剑士、弓箭手、盗贼、斗士、翼战士、魔剑士,4200,2100,0,999,SwordMan|SwordMaster|SwordKing|BowMan|BowMaster|Thief|Assassin|WingWarrior|WindWarrior|BeastWarrior|CrazyWarrior|MagicSwordMan|DarkSwordMan|BowKing|ImperialAssassin|HolyWingAvatar|BeastSoulOverlord|DarkBladePrincess,NotUse,,"item_3,item_icon_126",0,0,0,522,12137,0,0,0,0,0,0,33,0,0,0,0,0,0,0,0,0,0,0,0,0,0,0,0,0,0,0,0,0,0,0,0,0,0,0,0,0,0,0,0,0,0
139,装备,Equip,Helmet,Head,鬼面,鬼面,Oni Mask,鬼面,귀면,防御力+48／敏捷-10#无法增加气力#职业限制:剑士、弓箭手、祭司、盗贼、斗士、翼战士、魔剑士,防禦力+48／敏捷-10#無法增加氣力#職業限制:劍士、弓箭手、祭司、盜賊、鬥士、翼戰士、魔劍士,"DEF+48／Speed-10#Cannot gain SP#Class:Swordsman, Archer, Priest, Thief, Fighter, Winged Warrior, Spellblade",防御力+48／敏捷-10#无法增加气力#职业限制:剑士、弓箭手、祭司、盗贼、斗士、翼战士、魔剑士,4600,2300,0,999,SwordMan|SwordMaster|SwordKing|BowMan|BowMaster|Priest|PriestMaster|PriestPrincess|Thief|Assassin|WingWarrior|WindWarrior|BeastWarrior|CrazyWarrior|MagicSwordMan|DarkSwordMan|BowKing|ImperialAssassin|HolyWingAvatar|BeastSoulOverlord|DarkBladePrincess,NotUse,2002,"item_3,item_icon_127",0,0,0,523,12138,0,0,0,0,0,0,48,0,-10,0,0,0,0,0,0,0,0,0,0,0,0,-100,0,0,0,0,0,0,0,0,0,0,0,0,0,0,0,0,0,0,0
140,装备,Equip,Helmet,Head,圣兽之盔,聖獸之盔,Sacred Beast Helm,聖獣の兜,성수 투구,防御力+39／攻+6#职业限制:剑士、斗士、翼战士、魔剑士,防禦力+39／攻+6#職業限制:劍士、鬥士、翼戰士、魔劍士,"DEF+39／ATK+6#Class:Swordsman, Fighter, Winged Warrior, Spellblade",防御力+39／攻+6#职业限制:剑士、斗士、翼战士、魔剑士,7600,3800,0,999,SwordMan|SwordMaster|SwordKing|WingWarrior|WindWarrior|BeastWarrior|CrazyWarrior|MagicSwordMan|DarkSwordMan|HolyWingAvatar|BeastSoulOverlord|DarkBladePrincess,NotUse,,"item_3,item_icon_128",0,0,0,524,12139,0,0,0,0,0,0,39,0,0,0,6,0,0,0,0,0,0,0,0,0,0,0,0,0,0,0,0,0,0,0,0,0,0,0,0,0,0,0,0,0,0
141,装备,Equip,Helmet,Head,至高头巾,至高頭巾,Supreme Headband,至高の頭巾,지고의 두건,防御力+35／敏捷+7／全抗力+5%#职业限制:剑士、弓箭手、盗贼、斗士,防禦力+35／敏捷+7／全抗力+5%#職業限制:劍士、弓箭手、盜賊、鬥士,"DEF+35／Speed+7／All RES+5%#Class:Swordsman, Archer, Thief, Fighter",防御力+35／敏捷+7／全抗力+5%#职业限制:剑士、弓箭手、盗贼、斗士,9000,4500,0,999,SwordMan|SwordMaster|SwordKing|BowMan|BowMaster|Thief|Assassin|WingWarrior|WindWarrior|BowKing|ImperialAssassin|HolyWingAvatar,NotUse,,"item_3,item_icon_129",0,0,0,525,12140,0,0,0,0,0,0,35,0,7,0,0,0,5,5,5,5,5,0,0,0,0,0,0,0,0,0,0,0,0,0,0,0,0,0,0,0,0,0,0,0,0
142,装备,Equip,Helmet,Head,兔耳朵,兔耳朵,Bunny Ears,ウサギの耳,토끼 귀,防御力+1／攻+1／魔击力+1%#敏捷+1#职业限制:魔法师,防禦力+1／攻+1／魔擊力+1%#敏捷+1#職業限制:魔法師,DEF+1／ATK+1／MAG ATK+1%#Speed+1#Class:Mage,防御力+1／攻+1／魔击力+1%#敏捷+1#职业限制:魔法师,60,30,0,999,Magician|ElfMan|ElfQueen,NotUse,,"item_3,item_icon_130",0,0,0,526,12141,0,0,0,0,0,0,1,0,1,0,1,1,0,0,0,0,0,0,0,0,0,0,0,0,0,0,0,0,0,0,0,0,0,0,0,0,0,0,0,0,0
143,装备,Equip,Boots,Feet,皮靴,皮靴,Leather Boots,革靴,가죽 부츠,敏捷+2#装备限制:人型,敏捷+2#裝備限制:人型,Speed+2#Humanoid Only,敏捷+2#装备限制:人型,160,80,0,999,SwordMan|SwordMaster|SwordKing|BowMan|BowMaster|Priest|PriestMaster|PriestPrincess|Thief|Assassin|Magician|ElfMan|WingWarrior|WindWarrior|BeastWarrior|CrazyWarrior|MagicSwordMan|DarkSwordMan|BowKing|ImperialAssassin|ElfQueen|HolyWingAvatar|BeastSoulOverlord|DarkBladePrincess,NotUse,,"item_3,item_icon_131",0,0,0,527,12142,0,0,0,0,0,0,0,0,2,0,0,0,0,0,0,0,0,0,0,0,0,0,0,0,0,0,0,0,0,0,0,0,0,0,0,0,0,0,0,0,0
144,装备,Equip,Boots,Feet,钢铁之靴,鋼鐵之靴,Steel Boots,鋼鉄の靴,강철 부츠,敏捷+5／防御力+1#职业限制:剑士、斗士、翼战士、魔剑士,敏捷+5／防禦力+1#職業限制:劍士、鬥士、翼戰士、魔劍士,"Speed+5／DEF+1#Class:Swordsman, Fighter, Winged Warrior, Spellblade",敏捷+5／防御力+1#职业限制:剑士、斗士、翼战士、魔剑士,320,160,0,999,SwordMan|SwordMaster|SwordKing|WingWarrior|WindWarrior|BeastWarrior|CrazyWarrior|MagicSwordMan|DarkSwordMan|HolyWingAvatar|BeastSoulOverlord|DarkBladePrincess,NotUse,,"item_3,item_icon_132",0,0,0,528,12143,0,0,0,0,0,0,1,0,5,0,0,0,0,0,0,0,0,0,0,0,0,0,0,0,0,0,0,0,0,0,0,0,0,0,0,0,0,0,0,0,0
145,装备,Equip,Boots,Feet,魔兽皮靴,魔獸皮靴,Beasthide Boots,魔獣の革靴,마수 부츠,敏捷+9／攻+1#职业限制:剑士、弓箭手、盗贼、斗士、翼战士、魔剑士,敏捷+9／攻+1#職業限制:劍士、弓箭手、盜賊、鬥士、翼戰士、魔劍士,"Speed+9／ATK+1#Class:Swordsman, Archer, Thief, Fighter, Winged Warrior, Spellblade",敏捷+9／攻+1#职业限制:剑士、弓箭手、盗贼、斗士、翼战士、魔剑士,400,200,0,999,SwordMan|SwordMaster|SwordKing|BowMan|BowMaster|Thief|Assassin|WingWarrior|WindWarrior|BeastWarrior|CrazyWarrior|MagicSwordMan|DarkSwordMan|BowKing|ImperialAssassin|HolyWingAvatar|BeastSoulOverlord|DarkBladePrincess,NotUse,,"item_3,item_icon_133",0,0,0,529,12144,0,0,0,0,0,0,0,0,9,0,1,0,0,0,0,0,0,0,0,0,0,0,0,0,0,0,0,0,0,0,0,0,0,0,0,0,0,0,0,0,0
146,装备,Equip,Boots,Feet,水晶之靴,水晶之靴,Crystal Boots,水晶のブーツ,수정 부츠,敏捷+15#职业限制:剑士、弓箭手、斗士、翼战士,敏捷+15#職業限制:劍士、弓箭手、鬥士、翼戰士,"Speed+15#Class:Swordsman, Archer, Fighter, Winged Warrior",敏捷+15#职业限制:剑士、弓箭手、斗士、翼战士,600,300,0,999,SwordMan|SwordMaster|SwordKing|BowMan|BowMaster|WingWarrior|WindWarrior|BeastWarrior|CrazyWarrior|BowKing|HolyWingAvatar|BeastSoulOverlord,NotUse,,"item_3,item_icon_134",0,0,0,530,12145,0,0,0,0,0,0,0,0,15,0,0,0,0,0,0,0,0,0,0,0,0,0,0,0,0,0,0,0,0,0,0,0,0,0,0,0,0,0,0,0,0
147,装备,Equip,Boots,Feet,术者之鞋,術者之鞋,Caster Shoes,術者の靴,술사의 신발,敏捷+6／魔击力+3%#职业限制:祭司、魔法师、魔剑士,敏捷+6／魔擊力+3%#職業限制:祭司、魔法師、魔劍士,"Speed+6／MAG ATK+3%#Class:Priest, Mage, Spellblade",敏捷+6／魔击力+3%#职业限制:祭司、魔法师、魔剑士,580,290,0,999,Priest|PriestMaster|PriestPrincess|Magician|ElfMan|MagicSwordMan|DarkSwordMan|ElfQueen|DarkBladePrincess,NotUse,,"item_3,item_icon_135",0,0,0,531,12146,0,0,0,0,0,0,0,0,6,0,0,3,0,0,0,0,0,0,0,0,0,0,0,0,0,0,0,0,0,0,0,0,0,0,0,0,0,0,0,0,0
148,装备,Equip,Boots,Feet,皇家之靴,皇家之靴,Royal Boots,王家の靴,황실의 부츠,敏捷+4#职业限制:剑士、弓箭手、盗贼、斗士、翼战士、魔剑士,敏捷+4#職業限制:劍士、弓箭手、盜賊、鬥士、翼戰士、魔劍士,"Speed+4#Class:Swordsman, Archer, Thief, Fighter, Winged Warrior, Spellblade",敏捷+4#职业限制:剑士、弓箭手、盗贼、斗士、翼战士、魔剑士,18000,9000,0,999,SwordMan|SwordMaster|SwordKing|BowMan|BowMaster|Thief|Assassin|WingWarrior|WindWarrior|BeastWarrior|CrazyWarrior|MagicSwordMan|DarkSwordMan|BowKing|ImperialAssassin|HolyWingAvatar|BeastSoulOverlord|DarkBladePrincess,NotUse,,"item_3,item_icon_136",0,0,0,532,12147,0,0,0,0,0,0,0,0,4,0,0,0,0,0,0,0,0,0,0,0,0,0,0,0,0,0,0,0,0,0,0,0,0,0,0,0,0,0,0,0,0
149,装备,Equip,Boots,Feet,白羽之靴,白羽之靴,Whitefeather Boots,白羽の靴,흰깃털 부츠,敏捷+22#职业限制:祭司、弓箭手、魔法师、翼战士,敏捷+22#職業限制:祭司、弓箭手、魔法師、翼戰士,"Speed+22#Class:Priest, Archer, Mage, Winged Warrior",敏捷+22#职业限制:祭司、弓箭手、魔法师、翼战士,1000,500,0,999,BowMan|BowMaster|BowMaster|Priest|PriestMaster|PriestPrincess|Magician|ElfMan|ElfQueen|WingWarrior|WindWarrior|HolyWingAvatar,NotUse,,"item_3,item_icon_137",0,0,0,533,12148,0,0,0,0,0,0,0,0,22,0,0,0,0,0,0,0,0,0,0,0,0,0,0,0,0,0,0,0,0,0,0,0,0,0,0,0,0,0,0,0,0
150,装备,Equip,Boots,Feet,疾风之鞋,疾風之鞋,Gale Shoes,疾風の靴,질풍의 신발,敏捷+30#职业限制:剑士、弓箭手、盗贼、翼战士,敏捷+30#職業限制:劍士、弓箭手、盜賊、翼戰士,"Speed+30#Class:Swordsman, Archer, Thief, Winged Warrior",敏捷+30#职业限制:剑士、弓箭手、盗贼、翼战士,1600,800,0,999,SwordMan|SwordMaster|SwordKing|BowMan|BowMaster|Thief|Assassin|WingWarrior|WindWarrior|BowKing|ImperialAssassin|HolyWingAvatar|Magician|ElfMan|ElfQueen,NotUse,,"item_3,item_icon_138",0,0,0,534,12149,0,0,0,0,0,0,0,0,30,0,0,0,0,0,0,0,0,0,0,0,0,0,0,0,0,0,0,0,0,0,0,0,0,0,0,0,0,0,0,0,0
151,装备,Equip,Boots,Feet,影杀之靴,影殺之靴,Shadowkill Boots,影殺の靴,암살자 부츠,敏捷+37／攻+3#武器命中率+10%#职业限制:弓箭手、盗贼,敏捷+37／攻+3#武器命中率+10%#職業限制:弓箭手、盜賊,"Speed+37／ATK+3#WPN ACC+10%#Class:Archer, Thief",敏捷+37／攻+3#武器命中率+10%#职业限制:弓箭手、盗贼,3200,1600,0,999,BowMan|BowMaster|Thief|Assassin|BowKing|ImperialAssassin,NotUse,,"item_3,item_icon_139",0,0,0,535,12150,0,0,0,0,0,0,0,0,37,0,3,0,0,0,0,0,0,0,10,0,0,0,0,0,0,0,0,0,0,0,0,0,0,0,0,0,0,0,0,0,0
152,装备,Equip,Boots,Feet,圣踏之鞋,聖踏之鞋,Holystride Shoes,聖踏の靴,성도의 신발,敏捷+45／防御力+5／魔击力+3%#职业限制:祭司、魔法师,敏捷+45／防禦力+5／魔擊力+3%#職業限制:祭司、魔法師,"Speed+45／DEF+5／MAG ATK+3%#Class:Priest, Mage",敏捷+45／防御力+5／魔击力+3%#职业限制:祭司、魔法师,2400,1200,0,999,Priest|PriestMaster|PriestPrincess|Magician|ElfMan|ElfQueen,NotUse,,"item_3,item_icon_140",0,0,0,536,12151,0,0,0,0,0,0,5,0,45,0,0,3,0,0,0,0,0,0,0,0,0,0,0,0,0,0,0,0,0,0,0,0,0,0,0,0,0,0,0,0,0
153,装备,Equip,Boots,Feet,魔将之靴,魔將之靴,Demon General Boots,魔将の靴,마장의 부츠,敏捷+40／魔击力+6%#自动回复魔法#职业限制:魔剑士,敏捷+40／魔擊力+6%#自動回復魔法#職業限制:魔劍士,Speed+40／MAG ATK+6%#Restores MP Each Turn#Class:Spellblade,敏捷+40／魔击力+6%#自动回复魔法#职业限制:魔剑士,6000,3000,0,999,MagicSwordMan|DarkSwordMan|DarkBladePrincess,NotUse,2003,"item_3,item_icon_141",0,0,0,537,12152,0,0,0,0,0,0,0,0,40,0,0,6,0,0,0,0,0,0,0,0,0,0,0,0,0,0,0,0,0,0,0,0,0,0,0,0,0,0,0,0,0
154,装备,Equip,Boots,Feet,英雄之靴,英雄之靴,Hero Boots,英雄の靴,영웅의 부츠,敏捷+53／防御力+9#职业限制:剑士、弓箭手、斗士、翼战士,敏捷+53／防禦力+9#職業限制:劍士、弓箭手、鬥士、翼戰士,"Speed+53／DEF+9#Class:Swordsman, Archer, Fighter, Winged Warrior",敏捷+53／防御力+9#职业限制:剑士、弓箭手、斗士、翼战士,3000,1500,0,999,SwordMan|SwordMaster|SwordKing|BowMan|BowMaster|WingWarrior|WindWarrior|BeastWarrior|CrazyWarrior|BowKing|HolyWingAvatar|BeastSoulOverlord,NotUse,,"item_3,item_icon_142",0,0,0,538,12153,0,0,0,0,0,0,9,0,53,0,0,0,0,0,0,0,0,0,0,0,0,0,0,0,0,0,0,0,0,0,0,0,0,0,0,0,0,0,0,0,0
155,装备,Equip,Boots,Feet,舞空之靴,舞空之靴,Skystride Boots,舞空の靴,무공의 신발,敏捷+62#移动距离+1#职业限制:剑士、弓箭手、翼战士、魔剑士,敏捷+62#移動距離+1#職業限制:劍士、弓箭手、翼戰士、魔劍士,"Speed+62#Move+1#Class:Swordsman, Archer, Winged Warrior, Spellblade",敏捷+62#移动距离+1#职业限制:剑士、弓箭手、翼战士、魔剑士,7000,3500,0,999,SwordMan|SwordMaster|SwordKing|BowMan|BowMaster|WingWarrior|WindWarrior|MagicSwordMan|DarkSwordMan|BowKing|HolyWingAvatar|DarkBladePrincess,NotUse,,"item_3,item_icon_143",0,0,0,539,12154,0,0,0,0,0,0,0,0,62,1,0,0,0,0,0,0,0,0,0,0,0,0,0,0,0,0,0,0,0,0,0,0,0,0,0,0,0,0,0,0,0
156,装备,Equip,Boots,Feet,神之足,神之足,Divine Footsteps,神の足,신의 신발,敏捷+80#移动距离+2#职业限制:剑士、祭司、魔法师、斗士,敏捷+80#移動距離+2#職業限制:劍士、祭司、魔法師、鬥士,"Speed+80#Move+2#Class Restriction: Swordsman, Priest, Mage, Fighter",敏捷+80#移动距离+2#职业限制:剑士、祭司、魔法师、斗士,18000,9000,0,999,SwordMan|SwordMaster|SwordKing|Priest|PriestMaster|PriestPrincess|Magician|ElfMan|BeastWarrior|CrazyWarrior|ElfQueen|BeastSoulOverlord,NotUse,,"item_3,item_icon_144",0,0,0,540,12155,0,0,0,0,0,0,0,0,80,2,0,0,0,0,0,0,0,0,0,0,0,0,0,0,0,0,0,0,0,0,0,0,0,0,0,0,0,0,0,0,0
157,装备,Equip,Boots,Feet,泡泡袜,泡泡襪,Knee-High Socks,ルーズソックス,루즈삭스,敏捷+2#职业限制:祭司,敏捷+2#職業限制:祭司,Speed+2#Class:Priest,敏捷+2#职业限制:祭司,120,60,0,999,Priest|PriestMaster|PriestPrincess,NotUse,,"item_3,item_icon_145",0,0,0,541,12156,0,0,0,0,0,0,0,0,2,0,0,0,0,0,0,0,0,0,0,0,0,0,0,0,0,0,0,0,0,0,0,0,0,0,0,0,0,0,0,0,0
158,装备,Equip,Boots,Feet,高跟鞋,高跟鞋,High Heels,ハイヒール,하이힐,敏捷-3／攻击力+10#职业限制:魔法师,敏捷-3／攻擊力+10#職業限制:魔法師,Speed-3／ATK+10#Class:Mage,敏捷-3／攻击力+10#职业限制:魔法师,120,60,0,999,Magician|ElfMan|ElfQueen,NotUse,,"item_3,item_icon_146",0,0,0,542,12157,0,0,0,0,0,0,0,0,-3,0,10,0,0,0,0,0,0,0,0,0,0,0,0,0,0,0,0,0,0,0,0,0,0,0,0,0,0,0,0,0,0
159,装备,Equip,Jewelry,Amulet1,护身符,護身符,Charm,お守り,호신부,防御力+2#护身符，承载着大人们的祝福与期望,防禦力+2#護身符，承載著大人們的祝福與期望,DEF+2#A charm bearing the blessings and hopes of the adults.,防御力+2#护身符，承载着大人们的祝福与期望,140,70,0,999,SwordMan|SwordMaster|SwordKing|BowMan|BowMaster|Priest|PriestMaster|PriestPrincess|Thief|Assassin|Magician|ElfMan|WingWarrior|WindWarrior|BeastWarrior|CrazyWarrior|MagicSwordMan|DarkSwordMan|BowKing|ImperialAssassin|ElfQueen|HolyWingAvatar|BeastSoulOverlord|DarkBladePrincess,NotUse,,"item_3,item_icon_147",0,0,0,543,12158,0,0,0,0,0,0,2,0,0,0,0,0,0,0,0,0,0,0,0,0,0,0,0,0,0,0,0,0,0,0,0,0,0,0,0,0,0,0,0,0,0
160,装备,Equip,Jewelry,Amulet1,玻璃戒指,玻璃戒指,Glass Ring,ガラスの指輪,유리 반지,魔击力+2%#魔法新手的入门首选，安全无副作用,魔擊力+2%#魔法新手的入門首選，安全無副作用,"MAG ATK+2%#A safe, side-effect-free starter choice for novice mages.",魔击力+2%#魔法新手的入门首选，安全无副作用,400,200,0,999,SwordMan|SwordMaster|SwordKing|BowMan|BowMaster|Priest|PriestMaster|PriestPrincess|Thief|Assassin|Magician|ElfMan|WingWarrior|WindWarrior|BeastWarrior|CrazyWarrior|MagicSwordMan|DarkSwordMan|BowKing|ImperialAssassin|ElfQueen|HolyWingAvatar|BeastSoulOverlord|DarkBladePrincess,NotUse,,"item_4,item_icon_148",0,0,0,544,12159,0,0,0,0,0,0,0,0,0,0,0,2,0,0,0,0,0,0,0,0,0,0,0,0,0,0,0,0,0,0,0,0,0,0,0,0,0,0,0,0,0
161,装备,Equip,Jewelry,Amulet1,猫眼戒指,貓眼戒指,Cat's Eye Ring,猫目石の指輪,캣츠아이 반지,武器命中率+5%#提升专注力，让你的攻击更精准,武器命中率+5%#提升專注力，讓你的攻擊更精準,WPN ACC+5%#Boosts focus and makes your attacks more accurate.,武器命中率+5%#提升专注力，让你的攻击更精准,400,200,0,999,SwordMan|SwordMaster|SwordKing|BowMan|BowMaster|Priest|PriestMaster|PriestPrincess|Thief|Assassin|Magician|ElfMan|WingWarrior|WindWarrior|BeastWarrior|CrazyWarrior|MagicSwordMan|DarkSwordMan|BowKing|ImperialAssassin|ElfQueen|HolyWingAvatar|BeastSoulOverlord|DarkBladePrincess,NotUse,,"item_4,item_icon_149",0,0,0,545,12160,0,0,0,0,0,0,0,0,0,0,0,0,0,0,0,0,0,0,5,0,0,0,0,0,0,0,0,0,0,0,0,0,0,0,0,0,0,0,0,0,0
162,装备,Equip,Jewelry,Amulet1,水波戒指,水波戒指,Ripple Ring,水波の指輪,물결 반지,抗水+5% #抗水能力有限，下雨天还是要撑伞,抗水+5%#抗水能力有限，下雨天還是要撐傘,"Water RES+5%#Limited water resistance, so you should still bring an umbrella on rainy days.",抗水+5% #抗水能力有限，下雨天还是要撑伞,600,300,0,999,SwordMan|SwordMaster|SwordKing|BowMan|BowMaster|Priest|PriestMaster|PriestPrincess|Thief|Assassin|Magician|ElfMan|WingWarrior|WindWarrior|BeastWarrior|CrazyWarrior|MagicSwordMan|DarkSwordMan|BowKing|ImperialAssassin|ElfQueen|HolyWingAvatar|BeastSoulOverlord|DarkBladePrincess,NotUse,,"item_4,item_icon_150",0,0,0,546,12161,0,0,0,0,0,0,0,0,0,0,0,0,0,5,0,0,0,0,0,0,0,0,0,0,0,0,0,0,0,0,0,0,0,0,0,0,0,0,0,0,0
163,装备,Equip,Jewelry,Amulet1,烈炎戒指,烈炎戒指,Blaze Ring,烈炎の指輪,열염 반지,抗火+5%#抗火系攻击的入门款，但还是会被打火机烫到,抗火+5%#抗火系攻擊的入門款，但還是會被打火機燙到,Fire RES+5%#Basic fire resistance. It only protects against minor fire attacks.,抗火+5%#抗火系攻击的入门款，但还是会被打火机烫到,600,300,0,999,SwordMan|SwordMaster|SwordKing|BowMan|BowMaster|Priest|PriestMaster|PriestPrincess|Thief|Assassin|Magician|ElfMan|WingWarrior|WindWarrior|BeastWarrior|CrazyWarrior|MagicSwordMan|DarkSwordMan|BowKing|ImperialAssassin|ElfQueen|HolyWingAvatar|BeastSoulOverlord|DarkBladePrincess,NotUse,,"item_4,item_icon_151",0,0,0,547,12162,0,0,0,0,0,0,0,0,0,0,0,0,5,0,0,0,0,0,0,0,0,0,0,0,0,0,0,0,0,0,0,0,0,0,0,0,0,0,0,0,0
164,装备,Equip,Jewelry,Amulet1,风舞戒指,風舞戒指,Winddance Ring,風舞の指輪,풍무 반지,抗风+5%#戴上后稍微不怕风，但发型还是会乱,抗風+5%#戴上後稍微不怕風，但髮型還是會亂,"Wind RES+5%#Makes you a little less bothered by the wind, but your hairstyle will still get messed up.",抗风+5%#戴上后稍微不怕风，但发型还是会乱,600,300,0,999,SwordMan|SwordMaster|SwordKing|BowMan|BowMaster|Priest|PriestMaster|PriestPrincess|Thief|Assassin|Magician|ElfMan|WingWarrior|WindWarrior|BeastWarrior|CrazyWarrior|MagicSwordMan|DarkSwordMan|BowKing|ImperialAssassin|ElfQueen|HolyWingAvatar|BeastSoulOverlord|DarkBladePrincess,NotUse,,"item_4,item_icon_152",0,0,0,548,12163,0,0,0,0,0,0,0,0,0,0,0,0,0,0,5,0,0,0,0,0,0,0,0,0,0,0,0,0,0,0,0,0,0,0,0,0,0,0,0,0,0
165,装备,Equip,Jewelry,Amulet1,地残戒指,地殘戒指,Earthrend Ring,地残の指輪,지잔 반지,抗土+5%#抗土系攻击的入门款，适合新手冒险者,抗土+5%#抗土系攻擊的入門款，適合新手冒險者,"Earth RES+5%#A beginner-level Earth resistance item, perfect for novice adventurers.",抗土+5%#抗土系攻击的入门款，适合新手冒险者,600,300,0,999,SwordMan|SwordMaster|SwordKing|BowMan|BowMaster|Priest|PriestMaster|PriestPrincess|Thief|Assassin|Magician|ElfMan|WingWarrior|WindWarrior|BeastWarrior|CrazyWarrior|MagicSwordMan|DarkSwordMan|BowKing|ImperialAssassin|ElfQueen|HolyWingAvatar|BeastSoulOverlord|DarkBladePrincess,NotUse,,"item_4,item_icon_153",0,0,0,549,12164,0,0,0,0,0,0,0,0,0,0,0,0,0,0,0,5,0,0,0,0,0,0,0,0,0,0,0,0,0,0,0,0,0,0,0,0,0,0,0,0,0
166,装备,Equip,Jewelry,Amulet1,妖精戒指,妖精戒指,Elven Ring,妖精の指輪,요정 반지,抗心灵+5% #让你稍微不会被洗脑，但还是会被甜食诱惑,抗心靈+5% #讓你稍微不會被洗腦，但還是會被甜食誘惑,"Mind RES+5%#Makes you a little less likely to be brainwashed, though sweets can still tempt you.",抗心灵+5% #让你稍微不会被洗脑，但还是会被甜食诱惑,800,400,0,999,SwordMan|SwordMaster|SwordKing|BowMan|BowMaster|Priest|PriestMaster|PriestPrincess|Thief|Assassin|Magician|ElfMan|WingWarrior|WindWarrior|BeastWarrior|CrazyWarrior|MagicSwordMan|DarkSwordMan|BowKing|ImperialAssassin|ElfQueen|HolyWingAvatar|BeastSoulOverlord|DarkBladePrincess,NotUse,,"item_4,item_icon_154",0,0,0,550,12165,0,0,0,0,0,0,0,0,0,0,0,0,0,0,0,0,5,0,0,0,0,0,0,0,0,0,0,0,0,0,0,0,0,0,0,0,0,0,0,0,0
167,装备,Equip,Jewelry,Amulet1,诅咒戒指,詛咒戒指,Cursed Ring,呪いの指輪,저주의 반지,攻+20／防+20／魔击力+20%／敏捷+20#攻击敌人随机附加异常状态#有种在玩俄罗斯轮盘的感觉，敌人永远不知道会中什么招,攻+20／防+20／魔擊力+20%／敏捷+20#攻擊敵人隨機附加異常狀態#有種在玩俄羅斯輪盤的感覺，敵人永遠不知道會中什麼招,ATK+20／DEF+20／MAG ATK+20%／Speed+20#Randomly inflicts a status ailment when attacking#It feels like playing Russian roulette—enemies never know what they'll get hit with.,攻+20／防+20／魔击力+20%／敏捷+20#攻击敌人随机附加异常状态#有种在玩俄罗斯轮盘的感觉，敌人永远不知道会中什么招,1400,700,0,999,SwordMan|SwordMaster|SwordKing|BowMan|BowMaster|Priest|PriestMaster|PriestPrincess|Thief|Assassin|Magician|ElfMan|WingWarrior|WindWarrior|BeastWarrior|CrazyWarrior|MagicSwordMan|DarkSwordMan|BowKing|ImperialAssassin|ElfQueen|HolyWingAvatar|BeastSoulOverlord|DarkBladePrincess,NotUse,2004,"item_4,item_icon_155",0,0,0,551,12166,0,0,0,0,0,0,20,0,20,0,20,20,0,0,0,0,0,0,0,0,0,0,0,0,0,0,0,0,0,0,0,0,0,0,0,0,0,0,0,0,0
168,装备,Equip,Jewelry,Amulet1,黄金首饰,黃金首飾,Golden Accessory,黄金の首飾り,황금 장신구,防+1／高价值#戴上后感觉很富有，根本就是行走的提款机,防+1／高價值#戴上後感覺很富有，根本就是行走的提款機,"DEF+1／Valuable#Wear it and you'll feel rich, like a walking ATM.",防+1／高价值#戴上后感觉很富有，根本就是行走的提款机,40000,20000,0,999,SwordMan|SwordMaster|SwordKing|BowMan|BowMaster|Priest|PriestMaster|PriestPrincess|Thief|Assassin|Magician|ElfMan|WingWarrior|WindWarrior|BeastWarrior|CrazyWarrior|MagicSwordMan|DarkSwordMan|BowKing|ImperialAssassin|ElfQueen|HolyWingAvatar|BeastSoulOverlord|DarkBladePrincess,NotUse,,"item_4,item_icon_156",0,0,0,552,12167,0,0,0,0,0,0,1,0,0,0,0,0,0,0,0,0,0,0,0,0,0,0,0,0,0,0,0,0,0,0,0,0,0,0,0,0,0,0,0,0,0
169,装备,Equip,Jewelry,Amulet1,虹之首饰,虹之首飾,Rainbow Accessory,虹の首飾り,무지개 장신구,免疫麻痹#七色光芒刺激神经，想被麻痹都很困难,免疫麻痺#七色光芒刺激神經，想被麻痺都很困難,"Immune to Paralysis#Its seven-colored light stimulates your nerves, making paralysis almost impossible.",免疫麻痹#七色光芒刺激神经，想被麻痹都很困难,1200,600,0,999,SwordMan|SwordMaster|SwordKing|BowMan|BowMaster|Priest|PriestMaster|PriestPrincess|Thief|Assassin|Magician|ElfMan|WingWarrior|WindWarrior|BeastWarrior|CrazyWarrior|MagicSwordMan|DarkSwordMan|BowKing|ImperialAssassin|ElfQueen|HolyWingAvatar|BeastSoulOverlord|DarkBladePrincess,NotUse,2005,"item_4,item_icon_157",0,0,0,553,12168,0,0,0,0,0,0,0,0,0,0,0,0,0,0,0,0,0,0,0,0,0,0,0,0,0,0,0,0,0,0,0,0,0,0,0,0,0,0,0,0,0
170,装备,Equip,Jewelry,Amulet1,骑士勋章,騎士勳章,Knight Medal,騎士の勲章,기사 훈장,攻+3／防+6／敏捷+2 #戴上后充满使命感，但薪水还是很微薄#职业限制:剑士、弓箭手、盗贼、斗士、翼战士,攻+3／防+6／敏捷+2 #戴上後充滿使命感，但薪水還是很微薄#職業限制:劍士、弓箭手、盜賊、鬥士、翼戰士,"ATK+3／DEF+6／Speed+2#Wearing it fills you with a sense of duty, though the pay is still terrible.#Class:Swordsman, Archer, Thief, Fighter, Winged Warrior",攻+3／防+6／敏捷+2 #戴上后充满使命感，但薪水还是很微薄#职业限制:剑士、弓箭手、盗贼、斗士、翼战士,2000,1000,0,999,SwordMan|SwordMaster|SwordKing|BowMan|BowMaster|Thief|Assassin|WingWarrior|WindWarrior|BeastWarrior|CrazyWarrior|BowKing|ImperialAssassin|HolyWingAvatar|BeastSoulOverlord,NotUse,,"item_4,item_icon_158",0,0,0,554,12169,0,0,0,0,0,0,6,0,2,0,3,0,0,0,0,0,0,0,0,0,0,0,0,0,0,0,0,0,0,0,0,0,0,0,0,0,0,0,0,0,0
171,装备,Equip,Jewelry,Amulet1,圣骑士勋章,聖騎士勳章,Paladin Medal,聖騎士の勲章,성기사 훈장,攻+8／防+10／敏捷+6#戴上后变得很正义，连乱丢垃圾都有罪恶感#职业限制:剑士、弓箭手、盗贼、斗士、翼战士,攻+8／防+10／敏捷+6#戴上後變得很正義，連亂丟垃圾都有罪惡感#職業限制:劍士、弓箭手、盜賊、鬥士、翼戰士,"ATK+8／DEF+10／Speed+6#Wearing it makes you feel righteous—even littering starts to feel like a sin.#Class:Swordsman, Archer, Thief, Fighter, Winged Warrior",攻+8／防+10／敏捷+6#戴上后变得很正义，连乱丢垃圾都有罪恶感#职业限制:剑士、弓箭手、盗贼、斗士、翼战士,3600,1800,0,999,SwordMan|SwordMaster|SwordKing|BowMan|BowMaster|Thief|Assassin|WingWarrior|WindWarrior|BeastWarrior|CrazyWarrior|BowKing|ImperialAssassin|HolyWingAvatar|BeastSoulOverlord,NotUse,,"item_4,item_icon_159",0,0,0,555,12170,0,0,0,0,0,0,10,0,6,0,8,0,0,0,0,0,0,0,0,0,0,0,0,0,0,0,0,0,0,0,0,0,0,0,0,0,0,0,0,0,0
172,装备,Equip,Jewelry,Amulet1,皇家骑士勋章,皇家騎士勳章,Royal Knight Medal,皇家騎士の勲章,황실 기사 훈장,攻+15／防+14／敏捷+10#皇室认证的顶级勋章，但排队还是要照顺序来#职业限制:剑士、弓箭手、盗贼、斗士、翼战士,攻+15／防+14／敏捷+10#皇室認證的頂級勳章，但排隊還是要照順序來#職業限制:劍士、弓箭手、盜賊、鬥士、翼戰士,"ATK+15／DEF+14／Speed+10#A top-tier medal certified by royalty, though you still have to wait your turn in line.#Class:Swordsman, Archer, Thief, Fighter, Winged Warrior",攻+15／防+14／敏捷+10#皇室认证的顶级勋章，但排队还是要照顺序来#职业限制:剑士、弓箭手、盗贼、斗士、翼战士,5000,2500,0,999,SwordMan|SwordMaster|SwordKing|BowMan|BowMaster|Thief|Assassin|WingWarrior|WindWarrior|BeastWarrior|CrazyWarrior|BowKing|ImperialAssassin|HolyWingAvatar|BeastSoulOverlord,NotUse,,"item_4,item_icon_160",0,0,0,556,12171,0,0,0,0,0,0,14,0,10,0,15,0,0,0,0,0,0,0,0,0,0,0,0,0,0,0,0,0,0,0,0,0,0,0,0,0,0,0,0,0,0
173,装备,Equip,Jewelry,Amulet1,学者眼镜,學者眼鏡,Scholar's Glasses,学者の眼鏡,학자의 안경,魔法命中率+10%#让你的施法更准确，但镜片容易起雾#职业限制:剑士、祭司、魔法师、翼战士、魔剑士,魔法命中率+10%#讓你的施法更準確，但鏡片容易起霧#職業限制:劍士、祭司、魔法師、翼戰士、魔劍士,"MACC+10%#Makes your Magic more accurate, though the lenses fog up easily.#Class:Swordsman, Priest, Mage, Winged Warrior, Spellblade",魔法命中率+10%#让你的施法更准确，但镜片容易起雾#职业限制:剑士、祭司、魔法师、翼战士、魔剑士,3200,1600,0,999,SwordMan|SwordMaster|SwordKing|Priest|PriestMaster|PriestPrincess|Magician|ElfMan|WingWarrior|WindWarrior|MagicSwordMan|DarkSwordMan|ElfQueen|HolyWingAvatar|DarkBladePrincess,NotUse,,"item_4,item_icon_161",0,0,0,557,12172,0,0,0,0,0,0,0,0,0,0,0,0,0,0,0,0,0,0,0,10,0,0,0,0,0,0,0,0,0,0,0,0,0,0,0,0,0,0,0,0,0
174,装备,Equip,Jewelry,Amulet1,墨镜,墨鏡,Sunglasses,サングラス,선글라스,武器命中率-10%／敏捷-3／爆击率+16%#虽然看不清敌人在哪，但一拳就能解决问题,武器命中率-10%／敏捷-3／爆擊率+16%#雖然看不清敵人在哪，但一拳就能解決問題,"ACC-10%／Speed-3／Crit Rate+16%#You may not see where the enemy is, but one punch is all it takes.",武器命中率-10%／敏捷-3／爆击率+16%#虽然看不清敌人在哪，但一拳就能解决问题,3200,1600,0,999,SwordMan|SwordMaster|SwordKing|BowMan|BowMaster|Priest|PriestMaster|PriestPrincess|Thief|Assassin|Magician|ElfMan|WingWarrior|WindWarrior|BeastWarrior|CrazyWarrior|MagicSwordMan|DarkSwordMan|BowKing|ImperialAssassin|ElfQueen|HolyWingAvatar|BeastSoulOverlord|DarkBladePrincess,NotUse,,"item_4,item_icon_162",0,0,0,558,12173,0,0,0,0,0,0,0,0,-3,0,0,0,0,0,0,0,0,0,-10,0,0,0,0,0,0,16,0,0,0,0,0,0,0,0,0,0,0,0,0,0,0
175,装备,Equip,Jewelry,Amulet1,银制发饰,銀製髮飾,Silver Hair Ornament,銀の髪飾り,백은 머리 장식,免疫毒#银制品的高贵质感，让毒素都不好意思靠近,免疫毒#銀製品的高貴質感，讓毒素都不好意思靠近,Immune to Poison#The refined feel of silver makes toxins too embarrassed to come near.,免疫毒#银制品的高贵质感，让毒素都不好意思靠近,400,200,0,999,SwordMan|SwordMaster|SwordKing|BowMan|BowMaster|Priest|PriestMaster|PriestPrincess|Thief|Assassin|Magician|ElfMan|WingWarrior|WindWarrior|BeastWarrior|CrazyWarrior|MagicSwordMan|DarkSwordMan|BowKing|ImperialAssassin|ElfQueen|HolyWingAvatar|BeastSoulOverlord|DarkBladePrincess,NotUse,2006,"item_4,item_icon_163",0,0,0,559,12174,0,0,0,0,0,0,0,0,0,0,0,0,0,0,0,0,0,0,0,0,0,0,0,0,0,0,0,0,0,0,0,0,0,0,0,0,0,0,0,0,0
176,装备,Equip,Jewelry,Amulet1,逆十字,逆十字,Inverted Cross,逆十字,역십자,魔法消耗减半#戴着它施法很省力，让你的法术更有威胁感,魔法消耗減半#戴著它施法很省力，讓你的法術更有威脅感,MP Cost Halved#Makes casting easier and gives your Magic a more threatening edge.,魔法消耗减半#戴着它施法很省力，让你的法术更有威胁感,8000,4000,0,999,SwordMan|SwordMaster|SwordKing|BowMan|BowMaster|Priest|PriestMaster|PriestPrincess|Thief|Assassin|Magician|ElfMan|WingWarrior|WindWarrior|BeastWarrior|CrazyWarrior|MagicSwordMan|DarkSwordMan|BowKing|ImperialAssassin|ElfQueen|HolyWingAvatar|BeastSoulOverlord|DarkBladePrincess,NotUse,2007,"item_4,item_icon_164",0,0,0,560,12175,0,0,0,0,0,0,0,0,0,0,0,0,0,0,0,0,0,0,0,0,0,0,0,0,0,0,0,0,0,0,0,0,0,0,0,0,0,0,0,0,0
177,装备,Equip,Jewelry,Amulet1,深红之瞳,深紅之瞳,Crimson Eye,深紅の瞳,진홍의 눈동자,免疫魔法封印#深红如血的瞳孔，敌人还没攻击就先跑了,免疫魔法封印#深紅如血的瞳孔，敵人還沒攻擊就先跑了,"Immune to Silence#With pupils as crimson as blood, enemies run before they can even attack.",免疫魔法封印#深红如血的瞳孔，敌人还没攻击就先跑了,8000,4000,0,999,SwordMan|SwordMaster|SwordKing|BowMan|BowMaster|Priest|PriestMaster|PriestPrincess|Thief|Assassin|Magician|ElfMan|WingWarrior|WindWarrior|BeastWarrior|CrazyWarrior|MagicSwordMan|DarkSwordMan|BowKing|ImperialAssassin|ElfQueen|HolyWingAvatar|BeastSoulOverlord|DarkBladePrincess,NotUse,2008,"item_4,item_icon_165",0,0,0,561,12176,0,0,0,0,0,0,0,0,0,0,0,0,0,0,0,0,0,0,0,0,0,0,0,0,0,0,0,0,0,0,0,0,0,0,0,0,0,0,0,0,0
178,装备,Equip,Jewelry,Amulet1,冰心石,冰心石,Frostheart Stone,氷心石,빙심석,免疫衰弱 #冰冷的力量让你不受衰弱影响，让你的意志坚如寒冰,免疫衰弱 #冰冷的力量讓你不受衰弱影響，讓你的意志堅如寒冰,"Immune to Weakness#Its icy power keeps Weakness at bay, making your will as solid as ice.",免疫衰弱 #冰冷的力量让你不受衰弱影响，让你的意志坚如寒冰,8000,4000,0,999,SwordMan|SwordMaster|SwordKing|BowMan|BowMaster|Priest|PriestMaster|PriestPrincess|Thief|Assassin|Magician|ElfMan|WingWarrior|WindWarrior|BeastWarrior|CrazyWarrior|MagicSwordMan|DarkSwordMan|BowKing|ImperialAssassin|ElfQueen|HolyWingAvatar|BeastSoulOverlord|DarkBladePrincess,NotUse,2009,"item_4,item_icon_166",0,0,0,562,12177,0,0,0,0,0,0,0,0,0,0,0,0,0,0,0,0,0,0,0,0,0,0,0,0,0,0,0,0,0,0,0,0,0,0,0,0,0,0,0,0,0
179,装备,Equip,Jewelry,Amulet1,隐密之轮,隱密之輪,Veil Ring,秘密の輪,은밀한 고리,敏捷+5／爆击率+10%#职业限制:盗贼 #戴上后动作敏捷又狠准，就像专业的暗杀者#仅限汉克斯使用,敏捷+5／爆擊率+10%#職業限制:盜賊 #戴上後動作敏捷又狠準，就像專業的暗殺者#僅限漢克斯使用,"Speed+5／Crit Rate+10%#Wearing it makes you swift and deadly, like a professional Assassin.#Class:Thief#Hanks only",敏捷+5／爆击率+10%#职业限制:盗贼 #戴上后动作敏捷又狠准，就像专业的暗杀者#仅限汉克斯使用,4000,2000,0,999,Thief|Assassin|ImperialAssassin,NotUse,,"item_4,item_icon_167",0,0,0,563,12178,0,0,0,0,0,0,0,0,5,0,0,0,0,0,0,0,0,0,0,0,0,0,0,0,0,10,0,0,0,0,0,0,0,0,0,0,0,0,0,0,0
180,装备,Equip,Jewelry,Amulet1,龙鳞,龍鱗,Dragon Scale,竜の鱗,용린,防+8／四属性抗力+5% #属性防护超实用，但看起来像大号鱼鳞片,防+8／四屬性抗力+5% #屬性防護超實用，但看起來像大號魚鱗片,"DEF+8／Four Element RES+5%#Extremely useful elemental protection, though it looks like an oversized fish scale.",防+8／四属性抗力+5% #属性防护超实用，但看起来像大号鱼鳞片,6000,3000,0,999,SwordMan|SwordMaster|SwordKing|BowMan|BowMaster|Priest|PriestMaster|PriestPrincess|Thief|Assassin|Magician|ElfMan|WingWarrior|WindWarrior|BeastWarrior|CrazyWarrior|MagicSwordMan|DarkSwordMan|BowKing|ImperialAssassin|ElfQueen|HolyWingAvatar|BeastSoulOverlord|DarkBladePrincess,NotUse,,"item_4,item_icon_168",0,0,0,564,12179,0,0,0,0,0,0,8,0,0,0,0,0,5,5,5,5,5,0,0,0,0,0,0,0,0,0,0,0,0,0,0,0,0,0,0,0,0,0,0,0,0
181,装备,Equip,Jewelry,Amulet1,至福之像,至福之像,Idol of Bliss,至福の像,지복의 상,每回合自动恢复生命#自带回血功能，比吃维他命还有效,每回合自動恢復生命#自帶回血功能，比吃維他命還有效,Restores HP Each Round#Built-in HP recovery that works better than taking vitamins.,每回合自动恢复生命#自带回血功能，比吃维他命还有效,16000,8000,0,999,SwordMan|SwordMaster|SwordKing|BowMan|BowMaster|Priest|PriestMaster|PriestPrincess|Thief|Assassin|Magician|ElfMan|WingWarrior|WindWarrior|BeastWarrior|CrazyWarrior|MagicSwordMan|DarkSwordMan|BowKing|ImperialAssassin|ElfQueen|HolyWingAvatar|BeastSoulOverlord|DarkBladePrincess,NotUse,2010,"item_4,item_icon_169",0,0,0,565,12180,0,0,0,0,0,0,0,0,0,0,0,0,0,0,0,0,0,0,0,0,0,0,0,0,0,0,0,0,0,0,0,0,0,0,0,0,0,0,0,0,0
182,装备,Equip,Jewelry,Amulet1,圣魔之像,聖魔之像,Idol of Sanctity,聖魔の像,성마의 상,每回合自动恢复魔法#自动回魔，比行动电源还实用,每回合自動恢復魔法#自動回魔，比行動電源還實用,Restores MP Each Round#Automatic MP recovery—more practical than a power bank.,每回合自动恢复魔法#自动回魔，比行动电源还实用,28000,14000,0,999,SwordMan|SwordMaster|SwordKing|BowMan|BowMaster|Priest|PriestMaster|PriestPrincess|Thief|Assassin|Magician|ElfMan|WingWarrior|WindWarrior|BeastWarrior|CrazyWarrior|MagicSwordMan|DarkSwordMan|BowKing|ImperialAssassin|ElfQueen|HolyWingAvatar|BeastSoulOverlord|DarkBladePrincess,NotUse,2011,"item_4,item_icon_170",0,0,0,566,12181,0,0,0,0,0,0,0,0,0,0,0,0,0,0,0,0,0,0,0,0,0,0,0,0,0,0,0,0,0,0,0,0,0,0,0,0,0,0,0,0,0
183,装备,Equip,Jewelry,Amulet1,凝气之环,凝氣之環,Focus Ring,気凝りの環,응기의 고리,攻+6#气力增加二倍#气力格快速填满，让你的特殊技连发不断,攻+6#氣力增加二倍#氣力格快速填滿，讓你的特殊技連發不斷,"ATK+6#SP Gain x2#Fills your SP gauge fast, letting you use skills nonstop.",攻+6#气力增加二倍#气力格快速填满，让你的特殊技连发不断,6800,3400,0,999,SwordMan|SwordMaster|SwordKing|BowMan|BowMaster|Priest|PriestMaster|PriestPrincess|Thief|Assassin|Magician|ElfMan|WingWarrior|WindWarrior|BeastWarrior|CrazyWarrior|MagicSwordMan|DarkSwordMan|BowKing|ImperialAssassin|ElfQueen|HolyWingAvatar|BeastSoulOverlord|DarkBladePrincess,NotUse,2012,"item_4,item_icon_171",0,0,0,567,12182,0,0,0,0,0,0,0,0,0,0,6,0,0,0,0,0,0,0,0,0,0,100,0,0,0,0,0,0,0,0,0,0,0,0,0,0,0,0,0,0,0
184,装备,Equip,Jewelry,Amulet1,魔操玉,魔操玉,Arcane Orb,魔操玉,마조옥,魔击力+17%／魔法命中+10%#威力和命中双重提升，让你成为魔法狙击手#职业限制:剑士、祭司、魔法师、翼战士、魔剑士,魔擊力+17%／魔法命中+10%#威力和命中雙重提升，讓你成為魔法狙擊手#職業限制:劍士、祭司、魔法師、翼戰士、魔劍士,"MATK+17%／MACC+10%#A double boost to power and accuracy, turning you into a Magic sniper.#Class:Swordsman, Priest, Mage, Winged Warrior, Spellblade",魔击力+17%／魔法命中+10%#威力和命中双重提升，让你成为魔法狙击手#职业限制:剑士、祭司、魔法师、翼战士、魔剑士,6800,3400,0,999,SwordMan|SwordMaster|SwordKing|Priest|PriestMaster|PriestPrincess|Magician|ElfMan|WingWarrior|WindWarrior|MagicSwordMan|DarkSwordMan|ElfQueen|HolyWingAvatar|DarkBladePrincess,NotUse,,"item_4,item_icon_172",0,0,0,568,12183,0,0,0,0,0,0,0,0,0,0,0,17,0,0,0,0,0,0,0,10,0,0,0,0,0,0,0,0,0,0,0,0,0,0,0,0,0,0,0,0,0
185,装备,Equip,Jewelry,Amulet1,白光之翼,白光之翼,Radiant Wing,白光の翼,백광의 날개,行动二次#一回合能移动两次，就像开了插件一样,行動二次#一回合能移動兩次，就像開了外掛一樣,"Act Twice#Take two actions in one turn, like turning on cheats.",行动二次#一回合能移动两次，就像开了插件一样,40000,20000,0,999,SwordMan|SwordMaster|SwordKing|BowMan|BowMaster|Priest|PriestMaster|PriestPrincess|Thief|Assassin|Magician|ElfMan|WingWarrior|WindWarrior|BeastWarrior|CrazyWarrior|MagicSwordMan|DarkSwordMan|BowKing|ImperialAssassin|ElfQueen|HolyWingAvatar|BeastSoulOverlord|DarkBladePrincess,NotUse,2013,"item_4,item_icon_173",0,0,0,569,12184,0,0,0,0,0,0,0,0,0,0,0,0,0,0,0,0,0,0,0,0,0,0,0,0,0,0,0,0,0,0,0,0,0,0,0,0,0,0,0,0,0
186,装备,Equip,Jewelry,Amulet1,幸运缎带,幸運緞帶,Lucky Ribbon,幸運のリボン,행운의 리본,经验2倍#成长速度飞快，朋友都被海放了,經驗2倍#成長速度飛快，朋友都被海放了,EXP x2#Grow at incredible speed and leave your friends in the dust.,经验2倍#成长速度飞快，朋友都被海放了,20000,10000,0,999,SwordMan|SwordMaster|SwordKing|BowMan|BowMaster|Priest|PriestMaster|PriestPrincess|Thief|Assassin|Magician|ElfMan|WingWarrior|WindWarrior|BeastWarrior|CrazyWarrior|MagicSwordMan|DarkSwordMan|BowKing|ImperialAssassin|ElfQueen|HolyWingAvatar|BeastSoulOverlord|DarkBladePrincess,NotUse,,"item_4,item_icon_174",0,0,0,570,12185,0,0,0,0,0,0,0,0,0,0,0,0,0,0,0,0,0,0,0,0,0,0,0,0,0,0,0,100,0,0,0,0,0,0,0,0,0,0,0,0,0
187,装备,Equip,Jewelry,Amulet1,彩霞的圣石,彩霞的聖石,Aurora Sacred Stone,彩霞の聖石,찬란한 성석,免疫全部异常状态#七彩光芒让你状态完美，但也让人嫉妒,免疫全部異常狀態#七彩光芒讓你狀態完美，但也讓人嫉妒,Immune to All Status Ailments#Its rainbow light keeps your status perfect—and makes everyone jealous.,免疫全部异常状态#七彩光芒让你状态完美，但也让人嫉妒,20000,10000,0,999,SwordMan|SwordMaster|SwordKing|BowMan|BowMaster|Priest|PriestMaster|PriestPrincess|Thief|Assassin|Magician|ElfMan|WingWarrior|WindWarrior|BeastWarrior|CrazyWarrior|MagicSwordMan|DarkSwordMan|BowKing|ImperialAssassin|ElfQueen|HolyWingAvatar|BeastSoulOverlord|DarkBladePrincess,NotUse,2015,"item_4,item_icon_175",0,0,0,571,12186,0,0,0,0,0,0,0,0,0,0,0,0,0,0,0,0,0,0,0,0,0,0,0,0,0,0,0,0,0,0,0,0,0,0,0,0,0,0,0,0,0
188,装备,Equip,Jewelry,Amulet1,黄金的圣杯,黃金的聖杯,Golden Chalice,黄金の聖杯,황금의 성배,金钱2倍#收入翻倍，让你可以买东买西，完全不心痛。,金錢2倍#收入翻倍，讓你可以買東買西，完全不心痛。,"Gold x2#Doubles your income, so you can buy whatever you want without a second thought.",金钱2倍#收入翻倍，让你可以买东买西，完全不心痛。,20000,10000,0,999,SwordMan|SwordMaster|SwordKing|BowMan|BowMaster|Priest|PriestMaster|PriestPrincess|Thief|Assassin|Magician|ElfMan|WingWarrior|WindWarrior|BeastWarrior|CrazyWarrior|MagicSwordMan|DarkSwordMan|BowKing|ImperialAssassin|ElfQueen|HolyWingAvatar|BeastSoulOverlord|DarkBladePrincess,NotUse,,"item_4,item_icon_176",0,0,0,572,12187,0,0,0,0,0,0,0,0,0,0,0,0,0,0,0,0,0,0,0,0,0,0,0,0,0,0,0,0,100,0,0,0,0,0,0,0,0,0,0,0,0
189,装备,Equip,Jewelry,Amulet1,追风之羽,追風之羽,Gale Feather,追風の羽根,추풍의 깃털,移动距离+1#多一格移动力很实用，但方向感还是很差,移動距離+1#多一格移動力很實用，但方向感還是很差,"Move+1#One extra tile of movement is handy, though your sense of direction is still awful.",移动距离+1#多一格移动力很实用，但方向感还是很差,28000,14000,0,999,SwordMan|SwordMaster|SwordKing|BowMan|BowMaster|Priest|PriestMaster|PriestPrincess|Thief|Assassin|Magician|ElfMan|WingWarrior|WindWarrior|BeastWarrior|CrazyWarrior|MagicSwordMan|DarkSwordMan|BowKing|ImperialAssassin|ElfQueen|HolyWingAvatar|BeastSoulOverlord|DarkBladePrincess,NotUse,,"item_4,item_icon_177",0,0,0,573,12188,0,0,0,0,0,0,0,0,0,1,0,0,0,0,0,0,0,0,0,0,0,0,0,0,0,0,0,0,0,0,0,0,0,0,0,0,0,0,0,0,0
190,装备,Equip,Jewelry,Amulet1,冥晦之轮,冥晦之輪,Umbral Ring,冥晦の輪,명회의 고리,移动后可使用魔法#打破移动限制，让你成为移动施法大师。,移動後可使用魔法#打破移動限制，讓你成為移動施法大師。,Can Use Magic After Moving#Breaks movement limits and turns you into a master of mobile casting.,移动后可使用魔法#打破移动限制，让你成为移动施法大师。,28000,14000,0,999,SwordMan|SwordMaster|SwordKing|BowMan|BowMaster|Priest|PriestMaster|PriestPrincess|Thief|Assassin|Magician|ElfMan|WingWarrior|WindWarrior|BeastWarrior|CrazyWarrior|MagicSwordMan|DarkSwordMan|BowKing|ImperialAssassin|ElfQueen|HolyWingAvatar|BeastSoulOverlord|DarkBladePrincess,NotUse,2017,"item_4,item_icon_178",0,0,0,574,12189,0,0,0,0,0,0,0,0,0,0,0,0,0,0,0,0,0,0,0,0,0,0,0,0,0,0,0,0,0,0,0,0,0,0,0,0,0,0,0,0,0
191,装备,Equip,Jewelry,Amulet1,奥义之证,奧義之證,Proof of Mastery,奥義の証,오의의 증표,攻击距离+1#多一格攻击距离，让你可以更安全地偷袭,攻擊距離+1#多一格攻擊距離，讓你可以更安全地偷襲,Attack Range+1#One extra tile of attack range lets you ambush more safely.,攻击距离+1#多一格攻击距离，让你可以更安全地偷袭,28000,14000,0,999,SwordMan|SwordMaster|SwordKing|BowMan|BowMaster|Priest|PriestMaster|PriestPrincess|Thief|Assassin|Magician|ElfMan|WingWarrior|WindWarrior|BeastWarrior|CrazyWarrior|MagicSwordMan|DarkSwordMan|BowKing|ImperialAssassin|ElfQueen|HolyWingAvatar|BeastSoulOverlord|DarkBladePrincess,NotUse,,"item_4,item_icon_179",0,0,0,575,12190,0,0,0,0,0,0,0,0,0,0,0,0,0,0,0,0,0,0,0,0,1,0,0,0,0,0,0,0,0,0,0,0,0,0,0,0,0,0,0,0,0
192,装备,Equip,Jewelry,Amulet1,火红水晶,火紅水晶,Scarlet Crystal,火紅の水晶,불꽃 수정,抗火+32%#抗火属性免疫效果显著，但夏天还是会流汗,抗火+32%#抗火屬性免疫效果顯著，但夏天還是會流汗,"Fire RES+32%#Its Fire resistance is highly effective, though you'll still sweat in summer.",抗火+32%#抗火属性免疫效果显著，但夏天还是会流汗,6000,3000,0,999,SwordMan|SwordMaster|SwordKing|BowMan|BowMaster|Priest|PriestMaster|PriestPrincess|Thief|Assassin|Magician|ElfMan|WingWarrior|WindWarrior|BeastWarrior|CrazyWarrior|MagicSwordMan|DarkSwordMan|BowKing|ImperialAssassin|ElfQueen|HolyWingAvatar|BeastSoulOverlord|DarkBladePrincess,NotUse,,"item_4,item_icon_180",0,0,0,576,12191,0,0,0,0,0,0,0,0,0,0,0,0,32,0,0,0,0,0,0,0,0,0,0,0,0,0,0,0,0,0,0,0,0,0,0,0,0,0,0,0,0
193,装备,Equip,Jewelry,Amulet1,穹苍之炼,穹蒼之鍊,Azure Chain,蒼穹の鎖,창공의 사슬,移动距离+1#攻击距离+1#移动后可使用魔法#全方位强化的顶级配备，让你像老鹰一样翱翔战场#职业限制:祭司、剑士、魔法师、翼战士、魔剑士,移動距離+1#攻擊距離+1#移動後可使用魔法#全方位強化的頂級配備，讓你像老鷹一樣翱翔戰場#職業限制:祭司、劍士、魔法師、翼戰士、魔劍士,"Move Range+1#Attack Range+1#Can Use Magic After Moving#Top-tier all-around gear that lets you soar across the battlefield like an eagle.#Class:Priest, Swordsman, Mage, Winged Warrior, Spellblade",移动距离+1#攻击距离+1#移动后可使用魔法#全方位强化的顶级配备，让你像老鹰一样翱翔战场#职业限制:祭司、剑士、魔法师、翼战士、魔剑士,120000,60000,0,999,Priest|PriestMaster|PriestPrincess|SwordMan|SwordMaster|SwordKing|Magician|ElfMan|WingWarrior|WindWarrior|DarkSwordMan|SwordMan|ElfQueen|HolyWingAvatar|DarkBladePrincess,NotUse,2018,"item_4,item_icon_181",0,0,0,1938,12192,0,0,0,0,0,0,0,0,0,1,0,0,0,0,0,0,0,0,0,0,1,0,0,0,0,0,0,0,0,0,0,0,0,0,0,0,0,0,0,0,0
194,装备,Equip,Jewelry,Amulet1,湛蓝水晶,湛藍水晶,Azure Crystal,蒼碧の水晶,푸른 수정,抗水+34%#抗水属性效果显著，终于不怕被水球砸了,抗水+34%#抗水屬性效果顯著，終於不怕被水球砸了,Water RES+34%#Its Water resistance is highly effective—now you finally don't have to fear water balloons.,抗水+34%#抗水属性效果显著，终于不怕被水球砸了,6000,3000,0,999,SwordMan|SwordMaster|SwordKing|BowMan|BowMaster|Priest|PriestMaster|PriestPrincess|Thief|Assassin|Magician|ElfMan|WingWarrior|WindWarrior|BeastWarrior|CrazyWarrior|MagicSwordMan|DarkSwordMan|BowKing|ImperialAssassin|ElfQueen|HolyWingAvatar|BeastSoulOverlord|DarkBladePrincess,NotUse,,"item_4,item_icon_182",0,0,0,2502,12193,0,0,0,0,0,0,0,0,0,0,0,0,0,34,0,0,0,0,0,0,0,0,0,0,0,0,0,0,0,0,0,0,0,0,0,0,0,0,0,0,0
195,装备,Equip,Jewelry,Amulet1,琥珀水晶,琥珀水晶,Amber Crystal,琥珀の水晶,호박 수정,抗土+32%#土属性攻击对你来说轻如鸿毛，攻击都像在搔痒一样,抗土+32%#土屬性攻擊對你來說輕如鴻毛，攻擊都像在搔癢一樣,"Earth RES+32%#Earth attacks feel as light as feathers, like nothing more than a tickle.",抗土+32%#土属性攻击对你来说轻如鸿毛，攻击都像在搔痒一样,6000,3000,0,999,SwordMan|SwordMaster|SwordKing|BowMan|BowMaster|Priest|PriestMaster|PriestPrincess|Thief|Assassin|Magician|ElfMan|WingWarrior|WindWarrior|BeastWarrior|CrazyWarrior|MagicSwordMan|DarkSwordMan|BowKing|ImperialAssassin|ElfQueen|HolyWingAvatar|BeastSoulOverlord|DarkBladePrincess,NotUse,,"item_4,item_icon_183",0,0,0,2503,12194,0,0,0,0,0,0,0,0,0,0,0,0,0,0,0,32,0,0,0,0,0,0,0,0,0,0,0,0,0,0,0,0,0,0,0,0,0,0,0,0,0
196,装备,Equip,Jewelry,Amulet1,翠绿水晶,翠綠水晶,Emerald Crystal,翡翠の水晶,비취 수정,抗风+34%#有了它，让龙卷风也变成春天脸庞的微风。,抗風+34%#有了它，讓龍捲風也變成春天臉龐的微風。,"Wind RES+34%#With this, even a tornado feels like a spring breeze on your face.",抗风+34%#有了它，让龙卷风也变成春天脸庞的微风。,6000,3000,0,999,SwordMan|SwordMaster|SwordKing|BowMan|BowMaster|Priest|PriestMaster|PriestPrincess|Thief|Assassin|Magician|ElfMan|WingWarrior|WindWarrior|BeastWarrior|CrazyWarrior|MagicSwordMan|DarkSwordMan|BowKing|ImperialAssassin|ElfQueen|HolyWingAvatar|BeastSoulOverlord|DarkBladePrincess,NotUse,,"item_4,item_icon_184",0,0,0,2504,12195,0,0,0,0,0,0,0,0,0,0,0,0,0,0,34,0,0,0,0,0,0,0,0,0,0,0,0,0,0,0,0,0,0,0,0,0,0,0,0,0,0
197,装备,Equip,Jewelry,Amulet1,暗黑水晶,闇黑水晶,Dark Crystal,暗黒の水晶,암흑 수정,抗心灵+30%#心灵法术对你来说都是小case，大概像碎碎念程度,抗心靈+30%#心靈法術對你來說都是小case，大概像碎碎念程度,Mind RES+30%#Mind Magic is no big deal to you—about as threatening as mild nagging.,抗心灵+30%#心灵法术对你来说都是小case，大概像碎碎念程度,6000,3000,0,999,SwordMan|SwordMaster|SwordKing|BowMan|BowMaster|Priest|PriestMaster|PriestPrincess|Thief|Assassin|Magician|ElfMan|WingWarrior|WindWarrior|BeastWarrior|CrazyWarrior|MagicSwordMan|DarkSwordMan|BowKing|ImperialAssassin|ElfQueen|HolyWingAvatar|BeastSoulOverlord|DarkBladePrincess,NotUse,,"item_4,item_icon_185",0,0,0,2505,12196,0,0,0,0,0,0,0,0,0,0,0,0,0,0,0,0,30,0,0,0,0,0,0,0,0,0,0,0,0,0,0,0,0,0,0,0,0,0,0,0,0
198,装备,Equip,Jewelry,Amulet1,赤蓝结晶,赤藍結晶,Crimson-Azure Core,赤藍の結晶,적청색 결정,火、水抗力+24% #红蓝双色的神奇水晶，让冰火两重天都不怕,火、水抗力+24% #紅藍雙色的神奇水晶，讓冰火兩重天都不怕,Fire/Water RES+24%#A magical red-and-blue crystal that protects you from both fire and ice.,火、水抗力+24% #红蓝双色的神奇水晶，让冰火两重天都不怕,7000,3500,0,999,SwordMan|SwordMaster|SwordKing|BowMan|BowMaster|Priest|PriestMaster|PriestPrincess|Thief|Assassin|Magician|ElfMan|WingWarrior|WindWarrior|BeastWarrior|CrazyWarrior|MagicSwordMan|DarkSwordMan|BowKing|ImperialAssassin|ElfQueen|HolyWingAvatar|BeastSoulOverlord|DarkBladePrincess,NotUse,,"item_4,item_icon_186",0,0,0,2506,12197,0,0,0,0,0,0,0,0,0,0,0,0,24,24,0,0,0,0,0,0,0,0,0,0,0,0,0,0,0,0,0,0,0,0,0,0,0,0,0,0,0
199,装备,Equip,Jewelry,Amulet1,褐红结晶,褐紅結晶,Umber-Scarlet Core,褐紅の結晶,적갈색 결정,土、火抗力+25% #土系的厚实配火系的热烈，让你变成活体防火墙,土、火抗力+25% #土系的厚實配火系的熱烈，讓你變成活體防火牆,Earth/Fire RES+25%#The solidity of Earth and the heat of Fire turn you into a living firewall.,土、火抗力+25% #土系的厚实配火系的热烈，让你变成活体防火墙,7000,3500,0,999,SwordMan|SwordMaster|SwordKing|BowMan|BowMaster|Priest|PriestMaster|PriestPrincess|Thief|Assassin|Magician|ElfMan|WingWarrior|WindWarrior|BeastWarrior|CrazyWarrior|MagicSwordMan|DarkSwordMan|BowKing|ImperialAssassin|ElfQueen|HolyWingAvatar|BeastSoulOverlord|DarkBladePrincess,NotUse,,"item_4,item_icon_187",0,0,0,2507,12198,0,0,0,0,0,0,0,0,0,0,0,0,25,0,0,25,0,0,0,0,0,0,0,0,0,0,0,0,0,0,0,0,0,0,0,0,0,0,0,0,0
200,装备,Equip,Jewelry,Amulet1,火青结晶,火青結晶,Flame-Cyan Core,火青の結晶,화청 결정,火、风抗力+22% #双属性抗性让你在火海狂风中如沐春风,火、風抗力+22% #雙屬性抗性讓你在火海狂風中如沐春風,Fire/Wind RES+22%#Dual-element resistance lets you stay at ease amid blazing flames and wild winds.,火、风抗力+22% #双属性抗性让你在火海狂风中如沐春风,7000,3500,0,999,SwordMan|SwordMaster|SwordKing|BowMan|BowMaster|Priest|PriestMaster|PriestPrincess|Thief|Assassin|Magician|ElfMan|WingWarrior|WindWarrior|BeastWarrior|CrazyWarrior|MagicSwordMan|DarkSwordMan|BowKing|ImperialAssassin|ElfQueen|HolyWingAvatar|BeastSoulOverlord|DarkBladePrincess,NotUse,,"item_4,item_icon_188",0,0,0,2508,12199,0,0,0,0,0,0,0,0,0,0,0,0,22,0,22,0,0,0,0,0,0,0,0,0,0,0,0,0,0,0,0,0,0,0,0,0,0,0,0,0,0
201,装备,Equip,Jewelry,Amulet1,黔红结晶,黔紅結晶,Black-Scarlet Core,黔紅の結晶,검붉은 결정,火、心灵抗力+24% #烈焰与心灵的双重防护，攻击都束手无策,火、心靈抗力+24% #烈焰與心靈的雙重防護，攻擊都束手無策,Fire/Mind RES+24%#Dual protection against flame and mind leaves attacks powerless.,火、心灵抗力+24% #烈焰与心灵的双重防护，攻击都束手无策,7000,3500,0,999,SwordMan|SwordMaster|SwordKing|BowMan|BowMaster|Priest|PriestMaster|PriestPrincess|Thief|Assassin|Magician|ElfMan|WingWarrior|WindWarrior|BeastWarrior|CrazyWarrior|MagicSwordMan|DarkSwordMan|BowKing|ImperialAssassin|ElfQueen|HolyWingAvatar|BeastSoulOverlord|DarkBladePrincess,NotUse,,"item_4,item_icon_189",0,0,0,2509,12200,0,0,0,0,0,0,0,0,0,0,0,0,24,0,0,0,24,0,0,0,0,0,0,0,0,0,0,0,0,0,0,0,0,0,0,0,0,0,0,0,0
202,装备,Equip,Jewelry,Amulet1,蓝褐结晶,藍褐結晶,Azure-Umber Core,藍褐の結晶,청갈색 결정,土、水抗力+26%#有了它，让你在双元素夹攻中游刃有余,土、水抗力+26%#有了它，讓你在雙元素夾攻中游刃有餘,"Earth/Water RES+26%#With this, you can handle assaults from both Elements with ease.",土、水抗力+26%#有了它，让你在双元素夹攻中游刃有余,7000,3500,0,999,SwordMan|SwordMaster|SwordKing|BowMan|BowMaster|Priest|PriestMaster|PriestPrincess|Thief|Assassin|Magician|ElfMan|WingWarrior|WindWarrior|BeastWarrior|CrazyWarrior|MagicSwordMan|DarkSwordMan|BowKing|ImperialAssassin|ElfQueen|HolyWingAvatar|BeastSoulOverlord|DarkBladePrincess,NotUse,,"item_4,item_icon_190",0,0,0,2510,12201,0,0,0,0,0,0,0,0,0,0,0,0,0,26,0,26,0,0,0,0,0,0,0,0,0,0,0,0,0,0,0,0,0,0,0,0,0,0,0,0,0
203,装备,Equip,Jewelry,Amulet1,蓝绿结晶,藍綠結晶,Azure-Green Core,藍緑の結晶,청록색 결정,风、水抗力+24%#轻盈与柔韧的完美结合，双属性法术对你温和如春,風、水抗力+24%#輕盈與柔韌的完美結合，雙屬性法術對你溫和如春,Wind/Water RES+24%#A perfect blend of lightness and resilience—dual-element Magic feels as gentle as spring.,风、水抗力+24%#轻盈与柔韧的完美结合，双属性法术对你温和如春,7000,3500,0,999,SwordMan|SwordMaster|SwordKing|BowMan|BowMaster|Priest|PriestMaster|PriestPrincess|Thief|Assassin|Magician|ElfMan|WingWarrior|WindWarrior|BeastWarrior|CrazyWarrior|MagicSwordMan|DarkSwordMan|BowKing|ImperialAssassin|ElfQueen|HolyWingAvatar|BeastSoulOverlord|DarkBladePrincess,NotUse,,"item_4,item_icon_191",0,0,0,2511,12202,0,0,0,0,0,0,0,0,0,0,0,0,0,24,24,0,0,0,0,0,0,0,0,0,0,0,0,0,0,0,0,0,0,0,0,0,0,0,0,0,0
204,装备,Equip,Jewelry,Amulet1,黑蓝结晶,黑藍結晶,Black-Azure Core,黒藍の結晶,검푸른 결정,水、心灵抗力+25%#黑蓝结晶在手上，法师只能在旁边干着急,水、心靈抗力+25%#黑藍結晶在手上，法師只能在旁邊乾著急,"Water/Mind RES+25%#With this black-azure core in hand, mages can only watch in frustration.",水、心灵抗力+25%#黑蓝结晶在手上，法师只能在旁边干着急,7000,3500,0,999,SwordMan|SwordMaster|SwordKing|BowMan|BowMaster|Priest|PriestMaster|PriestPrincess|Thief|Assassin|Magician|ElfMan|WingWarrior|WindWarrior|BeastWarrior|CrazyWarrior|MagicSwordMan|DarkSwordMan|BowKing|ImperialAssassin|ElfQueen|HolyWingAvatar|BeastSoulOverlord|DarkBladePrincess,NotUse,,"item_4,item_icon_192",0,0,0,2512,12203,0,0,0,0,0,0,0,0,0,0,0,0,0,25,0,0,25,0,0,0,0,0,0,0,0,0,0,0,0,0,0,0,0,0,0,0,0,0,0,0,0
205,装备,Equip,Jewelry,Amulet1,珀绿结晶,珀綠結晶,Amber-Green Core,珀緑の結晶,녹갈색 결정,土、风抗力+26%#珀绿结晶超给力，法师看你就想哭,土、風抗力+26%#珀綠結晶超給力，法師看你就想哭,Earth/Wind RES+26%#This amber-green core is incredibly strong—it makes mages want to cry.,土、风抗力+26%#珀绿结晶超给力，法师看你就想哭,7000,3500,0,999,SwordMan|SwordMaster|SwordKing|BowMan|BowMaster|Priest|PriestMaster|PriestPrincess|Thief|Assassin|Magician|ElfMan|WingWarrior|WindWarrior|BeastWarrior|CrazyWarrior|MagicSwordMan|DarkSwordMan|BowKing|ImperialAssassin|ElfQueen|HolyWingAvatar|BeastSoulOverlord|DarkBladePrincess,NotUse,,"item_4,item_icon_193",0,0,0,2513,12204,0,0,0,0,0,0,0,0,0,0,0,0,0,0,26,26,0,0,0,0,0,0,0,0,0,0,0,0,0,0,0,0,0,0,0,0,0,0,0,0,0
206,装备,Equip,Jewelry,Amulet1,黑褐结晶,黑褐結晶,Black-Umber Core,黒褐の結晶,흑갈색 결정,土、心灵抗力+24%#双重防护让你稳如泰山,土、心靈抗力+24%#雙重防護讓你穩如泰山,Earth/Mind RES+24%#Its dual protection keeps you as steady as a mountain.,土、心灵抗力+24%#双重防护让你稳如泰山,7000,3500,0,999,SwordMan|SwordMaster|SwordKing|BowMan|BowMaster|Priest|PriestMaster|PriestPrincess|Thief|Assassin|Magician|ElfMan|WingWarrior|WindWarrior|BeastWarrior|CrazyWarrior|MagicSwordMan|DarkSwordMan|BowKing|ImperialAssassin|ElfQueen|HolyWingAvatar|BeastSoulOverlord|DarkBladePrincess,NotUse,,"item_4,item_icon_194",0,0,0,2514,12205,0,0,0,0,0,0,0,0,0,0,0,0,0,0,0,24,24,0,0,0,0,0,0,0,0,0,0,0,0,0,0,0,0,0,0,0,0,0,0,0,0
207,装备,Equip,Jewelry,Amulet1,暗绿结晶,闇綠結晶,DarkGreen Core,暗緑の結晶,암녹색 결정,风、心灵抗力+26%#风系心灵双克星，法师看你就头大,風、心靈抗力+26%#風系心靈雙剋星，法師看你就頭大,Wind/Mind RES+26%#The ultimate counter to Wind and Mind—mages will dread fighting you.,风、心灵抗力+26%#风系心灵双克星，法师看你就头大,7000,3500,0,999,SwordMan|SwordMaster|SwordKing|BowMan|BowMaster|Priest|PriestMaster|PriestPrincess|Thief|Assassin|Magician|ElfMan|WingWarrior|WindWarrior|BeastWarrior|CrazyWarrior|MagicSwordMan|DarkSwordMan|BowKing|ImperialAssassin|ElfQueen|HolyWingAvatar|BeastSoulOverlord|DarkBladePrincess,NotUse,,"item_4,item_icon_195",0,0,0,2515,12206,0,0,0,0,0,0,0,0,0,0,0,0,0,0,26,0,26,0,0,0,0,0,0,0,0,0,0,0,0,0,0,0,0,0,0,0,0,0,0,0,0
208,装备,Equip,Jewelry,Amulet1,透明天晶,透明天晶,Clear Celestial Crystal,透明な天晶,투명천정,全抗性+20%#全方位防护罩，全系魔法都闪边站,全抗性+20%#全方位防護罩，全系魔法都閃邊站,All RES+20%#An all-around barrier that tells every type of Magic to back off.,全抗性+20%#全方位防护罩，全系魔法都闪边站,8000,4000,0,999,SwordMan|SwordMaster|SwordKing|BowMan|BowMaster|Priest|PriestMaster|PriestPrincess|Thief|Assassin|Magician|ElfMan|WingWarrior|WindWarrior|BeastWarrior|CrazyWarrior|MagicSwordMan|DarkSwordMan|BowKing|ImperialAssassin|ElfQueen|HolyWingAvatar|BeastSoulOverlord|DarkBladePrincess,NotUse,,"item_4,item_icon_196",0,0,0,2526,12207,0,0,0,0,0,0,0,0,0,0,0,0,20,20,20,20,20,0,0,0,0,0,0,0,0,0,0,0,0,0,0,0,0,0,0,0,0,0,0,0,0
209,装备,Equip,Jewelry,Amulet1,替身雕像,替身雕像,Decoy Statue,身代わりの像,대역 조각상,被武器攻击伤害减半#替身分担伤害值，你就是不死小强进化版,被武器攻擊傷害減半#替身分擔傷害值，你就是不死小強進化版,"Halves damage taken from weapon attacks#A decoy takes part of the damage for you, making you the evolved form of an unkillable cockroach.",被武器攻击伤害减半#替身分担伤害值，你就是不死小强进化版,10000,5000,0,999,SwordMan|SwordMaster|SwordKing|BowMan|BowMaster|Priest|PriestMaster|PriestPrincess|Thief|Assassin|Magician|ElfMan|WingWarrior|WindWarrior|BeastWarrior|CrazyWarrior|MagicSwordMan|DarkSwordMan|BowKing|ImperialAssassin|ElfQueen|HolyWingAvatar|BeastSoulOverlord|DarkBladePrincess,NotUse,2019,"item_5,item_icon_197",0,0,0,2534,12208,0,0,0,0,0,0,0,0,0,0,0,0,0,0,0,0,0,0,0,0,0,0,0,0,0,0,0,0,0,50,0,0,0,0,0,0,0,0,0,0,0
210,装备,Equip,Jewelry,Amulet1,血魔胆,血魔膽,Bloodfiend Core,血魔の胆,혈마담,生命上限+100#生命力大升级，让你的血量多到敌人绝望,生命上限+100#生命力大升級，讓你的血量多到敵人絕望,Max HP+100#A huge boost to HP that leaves enemies in despair at your health bar.,生命上限+100#生命力大升级，让你的血量多到敌人绝望,20000,10000,0,999,SwordMan|SwordMaster|SwordKing|BowMan|BowMaster|Priest|PriestMaster|PriestPrincess|Thief|Assassin|Magician|ElfMan|WingWarrior|WindWarrior|BeastWarrior|CrazyWarrior|MagicSwordMan|DarkSwordMan|BowKing|ImperialAssassin|ElfQueen|HolyWingAvatar|BeastSoulOverlord|DarkBladePrincess,NotUse,2020,"item_5,item_icon_198",0,0,0,2566,12209,0,0,0,0,100,0,0,0,0,0,0,0,0,0,0,0,0,0,0,0,0,0,0,0,0,0,0,0,0,0,0,0,0,0,0,0,0,0,0,0,0
211,装备,Equip,Jewelry,Amulet1,恶魔晶石,惡魔晶石,Demon Crystal,悪魔の晶石,데몬 크리스탈,魔力上限+100#魔法力超强化，敌人看你的蓝条就想哭#职业限制:剑士、翼战士、魔剑士,魔力上限+100#魔法力超強化，敵人看你的藍條就想哭#職業限制:劍士、翼戰士、魔劍士,"Max MP+100#Magic massively boosted—enemies weep at the sight of your MP bar#Class Restriction: Swordsman, Winged Warrior, Magic Swordsman",魔力上限+100#魔法力超强化，敌人看你的蓝条就想哭#职业限制:剑士、翼战士、魔剑士,20000,10000,0,999,SwordMaster|SwordKing|WingWarrior|WindWarrior|MagicSwordMan|DarkSwordMan|HolyWingAvatar|DarkBladePrincess,NotUse,2021,"item_5,item_icon_199",0,0,0,2567,12210,0,0,0,0,0,100,0,0,0,0,0,0,0,0,0,0,0,0,0,0,0,0,0,0,0,0,0,0,0,0,0,0,0,0,0,0,0,0,0,0,0
212,道具,Item,Item,Head,回复药,回復藥,Recovery Potion,回復薬,회복약,生命+40#淡淡的香甜味，令人想起小时候的午后，令人忍不住一杯接一杯。,生命+40#淡淡的香甜味，令人想起小時候的午後，令人忍不住一杯接一杯。,"Restores 40 HP#A light, sweet taste that brings back memories of childhood afternoons—hard to stop at just one.",生命+40#淡淡的香甜味，令人想起小时候的午后，令人忍不住一杯接一杯。,100,50,0,999,SwordMan|SwordMaster|SwordKing|BowMan|BowMaster|Priest|PriestMaster|PriestPrincess|Thief|Assassin|Magician|ElfMan|WingWarrior|WindWarrior|BeastWarrior|CrazyWarrior|MutantMonster|EvilMonster|MagicSwordMan|DarkSwordMan|BowKing|ImperialAssassin|ElfQueen|HolyWingAvatar|BeastSoulOverlord|MutantMonster|EvilMonster|DarkBladePrincess,UseInBattle,3001,"item_5,item_icon_200",1,0,0,577,12211,0,0,0,0,0,0,0,0,0,0,0,0,0,0,0,0,0,0,0,0,0,0,0,0,0,0,0,0,0,0,0,0,0,0,0,0,0,0,0,0,0
213,道具,Item,Item,Head,秘药,秘藥,Elixir,秘薬,비약,生命+100#浓郁的香甜味让人上瘾，但请记住适量饮用,生命+100#濃郁的香甜味讓人上癮，但請記住適量飲用,"Restores 100 HP#Its rich sweetness is addictive, but remember to enjoy it in moderation.",生命+100#浓郁的香甜味让人上瘾，但请记住适量饮用,200,100,0,999,SwordMan|SwordMaster|SwordKing|BowMan|BowMaster|Priest|PriestMaster|PriestPrincess|Thief|Assassin|Magician|ElfMan|WingWarrior|WindWarrior|BeastWarrior|CrazyWarrior|MutantMonster|EvilMonster|MagicSwordMan|DarkSwordMan|BowKing|ImperialAssassin|ElfQueen|HolyWingAvatar|BeastSoulOverlord|MutantMonster|EvilMonster|DarkBladePrincess,UseInBattle,3002,"item_5,item_icon_201",1,0,0,578,12212,0,0,0,0,0,0,0,0,0,0,0,0,0,0,0,0,0,0,0,0,0,0,0,0,0,0,0,0,0,0,0,0,0,0,0,0,0,0,0,0,0
214,道具,Item,Item,Head,灵药,靈藥,Spirit Elixir,霊薬,영약,生命+300#传说中的至甜之味，喝完后不只想起小时候，还会想起你妈小时候的事。,生命+300#傳說中的至甜之味，喝完後不只想起小時候，還會想起你媽小時候的事。,"Restores 300 HP#A legendary sweetness—after drinking it, you won't just remember your own childhood, but your mother's too.",生命+300#传说中的至甜之味，喝完后不只想起小时候，还会想起你妈小时候的事。,400,200,0,999,SwordMan|SwordMaster|SwordKing|BowMan|BowMaster|Priest|PriestMaster|PriestPrincess|Thief|Assassin|Magician|ElfMan|WingWarrior|WindWarrior|BeastWarrior|CrazyWarrior|MutantMonster|EvilMonster|MagicSwordMan|DarkSwordMan|BowKing|ImperialAssassin|ElfQueen|HolyWingAvatar|BeastSoulOverlord|MutantMonster|EvilMonster|DarkBladePrincess,UseInBattle,3003,"item_5,item_icon_202",1,0,0,579,12213,0,0,0,0,0,0,0,0,0,0,0,0,0,0,0,0,0,0,0,0,0,0,0,0,0,0,0,0,0,0,0,0,0,0,0,0,0,0,0,0,0
215,道具,Item,Item,Head,妖精之泉,妖精之泉,Elven Spring,妖精の泉,요정의 샘,魔力+30#似乎是妖精乡的泉水，但也有可能是你家的地下水。,魔力+30#似乎是妖精鄉的泉水，但也有可能是你家的地下水。,Restores 30 MP#Said to be spring water from the land of the elves... or maybe just your local groundwater.,魔力+30#似乎是妖精乡的泉水，但也有可能是你家的地下水。,160,80,0,999,SwordMan|SwordMaster|SwordKing|BowMan|BowMaster|Priest|PriestMaster|PriestPrincess|Thief|Assassin|Magician|ElfMan|WingWarrior|WindWarrior|BeastWarrior|CrazyWarrior|MutantMonster|EvilMonster|MagicSwordMan|DarkSwordMan|BowKing|ImperialAssassin|ElfQueen|HolyWingAvatar|BeastSoulOverlord|MutantMonster|EvilMonster|DarkBladePrincess,UseInBattle,3004,"item_5,item_icon_203",2,0,0,580,12214,0,0,0,0,0,0,0,0,0,0,0,0,0,0,0,0,0,0,0,0,0,0,0,0,0,0,0,0,0,0,0,0,0,0,0,0,0,0,0,0,0
216,道具,Item,Item,Head,天使之露,天使之露,Angel's Dew,天使の雫,천사의 이슬,魔力+80#传说中天界的神圣甘露。,魔力+80#傳說中天界的神聖甘露。,Restores 80 MP#A sacred nectar said to come from the heavens.,魔力+80#传说中天界的神圣甘露。,360,180,0,999,SwordMan|SwordMaster|SwordKing|BowMan|BowMaster|Priest|PriestMaster|PriestPrincess|Thief|Assassin|Magician|ElfMan|WingWarrior|WindWarrior|BeastWarrior|CrazyWarrior|MutantMonster|EvilMonster|MagicSwordMan|DarkSwordMan|BowKing|ImperialAssassin|ElfQueen|HolyWingAvatar|BeastSoulOverlord|MutantMonster|EvilMonster|DarkBladePrincess,UseInBattle,3005,"item_5,item_icon_204",2,0,0,581,12215,0,0,0,0,0,0,0,0,0,0,0,0,0,0,0,0,0,0,0,0,0,0,0,0,0,0,0,0,0,0,0,0,0,0,0,0,0,0,0,0,0
217,道具,Item,Item,Head,解毒草,解毒草,Antidote Herb,解毒草,해독초,解除中毒#一株颜色深绿的药草，一般人应该不会想吃。,解除中毒#一株顏色深綠的藥草，一般人應該不會想吃。,Cures Poison#A dark green herb that most people probably wouldn't want to eat.,解除中毒#一株颜色深绿的药草，一般人应该不会想吃。,80,40,0,999,SwordMan|SwordMaster|SwordKing|BowMan|BowMaster|Priest|PriestMaster|PriestPrincess|Thief|Assassin|Magician|ElfMan|WingWarrior|WindWarrior|BeastWarrior|CrazyWarrior|MutantMonster|EvilMonster|MagicSwordMan|DarkSwordMan|BowKing|ImperialAssassin|ElfQueen|HolyWingAvatar|BeastSoulOverlord|MutantMonster|EvilMonster|DarkBladePrincess,UseInBattle,3006,"item_5,item_icon_205",6,0,0,582,12216,0,0,0,0,0,0,0,0,0,0,0,0,0,0,0,0,0,0,0,0,0,0,0,0,0,0,0,0,0,0,0,0,0,0,0,0,0,0,0,0,0
218,道具,Item,Item,Head,破魔咒,破魔咒,Dispel Charm,破魔の呪文,구마 부적,解除封魔#古老的解咒法术，请小心是否会同时解开你的鞋带和皮带。,解除封魔#古老的解咒法術，請小心是否會同時解開你的鞋帶和皮帶。,"Cures Silence#An ancient dispelling spell—be careful, it might undo your shoelaces and belt too.",解除封魔#古老的解咒法术，请小心是否会同时解开你的鞋带和皮带。,300,150,0,999,SwordMan|SwordMaster|SwordKing|BowMan|BowMaster|Priest|PriestMaster|PriestPrincess|Thief|Assassin|Magician|ElfMan|WingWarrior|WindWarrior|BeastWarrior|CrazyWarrior|MutantMonster|EvilMonster|MagicSwordMan|DarkSwordMan|BowKing|ImperialAssassin|ElfQueen|HolyWingAvatar|BeastSoulOverlord|MutantMonster|EvilMonster|DarkBladePrincess,UseInBattle,3007,"item_5,item_icon_206",6,0,0,583,12217,0,0,0,0,0,0,0,0,0,0,0,0,0,0,0,0,0,0,0,0,0,0,0,0,0,0,0,0,0,0,0,0,0,0,0,0,0,0,0,0,0
219,道具,Item,Item,Head,精灵石,精靈石,Fae Stone,精霊石,정령석,解除麻痹#蕴含精灵力量的神奇宝石，但对久坐打电动造成的腿麻完全没效。,解除麻痺#蘊含精靈力量的神奇寶石，但對久坐打電動造成的腿麻完全沒效。,"Cures Paralysis#A mystical gem imbued with fae power, but completely useless for numb legs from sitting too long.",解除麻痹#蕴含精灵力量的神奇宝石，但对久坐打电动造成的腿麻完全没效。,300,150,0,999,SwordMan|SwordMaster|SwordKing|BowMan|BowMaster|Priest|PriestMaster|PriestPrincess|Thief|Assassin|Magician|ElfMan|WingWarrior|WindWarrior|BeastWarrior|CrazyWarrior|MutantMonster|EvilMonster|MagicSwordMan|DarkSwordMan|BowKing|ImperialAssassin|ElfQueen|HolyWingAvatar|BeastSoulOverlord|MutantMonster|EvilMonster|DarkBladePrincess,UseInBattle,3008,"item_5,item_icon_207",6,0,0,584,12218,0,0,0,0,0,0,0,0,0,0,0,0,0,0,0,0,0,0,0,0,0,0,0,0,0,0,0,0,0,0,0,0,0,0,0,0,0,0,0,0,0
220,道具,Item,Item,Head,振奋剂,振奮劑,Stimulant,興奮剤,흥분제,解除衰弱#味道像极了小时候喝的感冒糖浆。,解除衰弱#味道像極了小時候喝的感冒糖漿。,Cures Weakness#Tastes just like the cough syrup you had as a kid.,解除衰弱#味道像极了小时候喝的感冒糖浆。,300,150,0,999,SwordMan|SwordMaster|SwordKing|BowMan|BowMaster|Priest|PriestMaster|PriestPrincess|Thief|Assassin|Magician|ElfMan|WingWarrior|WindWarrior|BeastWarrior|CrazyWarrior|MutantMonster|EvilMonster|MagicSwordMan|DarkSwordMan|BowKing|ImperialAssassin|ElfQueen|HolyWingAvatar|BeastSoulOverlord|MutantMonster|EvilMonster|DarkBladePrincess,UseInBattle,3009,"item_5,item_icon_208",6,0,0,585,12219,0,0,0,0,0,0,0,0,0,0,0,0,0,0,0,0,0,0,0,0,0,0,0,0,0,0,0,0,0,0,0,0,0,0,0,0,0,0,0,0,0
221,道具,Item,Item,Head,神威之酒,神威之酒,Divine Wine,神威の酒,신위의 술,气力增加一格#请记住喝酒不骑马，骑马不喝酒。,氣力增加一格#請記住喝酒不騎馬，騎馬不喝酒。,"SP+1#Remember: don't ride after drinking, and don't drink while riding.",气力增加一格#请记住喝酒不骑马，骑马不喝酒。,250,125,0,999,SwordMan|SwordMaster|SwordKing|BowMan|BowMaster|Priest|PriestMaster|PriestPrincess|Thief|Assassin|Magician|ElfMan|WingWarrior|WindWarrior|BeastWarrior|CrazyWarrior|MutantMonster|EvilMonster|MagicSwordMan|DarkSwordMan|BowKing|ImperialAssassin|ElfQueen|HolyWingAvatar|BeastSoulOverlord|MutantMonster|EvilMonster|DarkBladePrincess,UseInBattle,3010,"item_5,item_icon_209",3,0,0,586,12221,0,0,0,0,0,0,0,0,0,0,0,0,0,0,0,0,0,0,0,0,0,0,0,0,0,0,0,0,0,0,0,0,0,0,0,0,0,0,0,0,0
222,道具,Item,Item,Head,圣洁香水,聖潔香水,Holy Perfume,聖なる香水,성결의 향수,解除所有异常状态#能让你回到最佳状态，但无法回到18岁。,解除所有異常狀態#能讓你回到最佳狀態，但無法回到18歲。,"Cures All Status Ailments#Restores you to peak condition, but won't take you back to age 18.",解除所有异常状态#能让你回到最佳状态，但无法回到18岁。,600,300,0,999,SwordMan|SwordMaster|SwordKing|BowMan|BowMaster|Priest|PriestMaster|PriestPrincess|Thief|Assassin|Magician|ElfMan|WingWarrior|WindWarrior|BeastWarrior|CrazyWarrior|MutantMonster|EvilMonster|MagicSwordMan|DarkSwordMan|BowKing|ImperialAssassin|ElfQueen|HolyWingAvatar|BeastSoulOverlord|MutantMonster|EvilMonster|DarkBladePrincess,UseInBattle,3011,"item_5,item_icon_210",6,0,0,587,12220,0,0,0,0,0,0,0,0,0,0,0,0,0,0,0,0,0,0,0,0,0,0,0,0,0,0,0,0,0,0,0,0,0,0,0,0,0,0,0,0,0
223,道具,Item,Item,Head,世界树之叶,世界樹之葉,World Tree Leaf,世界樹の葉,세계수의 잎사귀,生命+9999、魔法+9999、回复人物异常状态#传说中的万灵药，什么都能治，就是容易被风吹走要小心保存。,生命+9999、魔法+9999、回復人物異常狀態#傳說中的萬靈藥，什麼都能治，就是容易被風吹走要小心保存。,"Restores 9999 HP and 9999 MP, cures Status Ailments#A legendary panacea that cures everything—just be careful, it can easily be blown away by the wind.",生命+9999、魔法+9999、回复人物异常状态#传说中的万灵药，什么都能治，就是容易被风吹走要小心保存。,2000,1000,0,999,SwordMan|SwordMaster|SwordKing|BowMan|BowMaster|Priest|PriestMaster|PriestPrincess|Thief|Assassin|Magician|ElfMan|WingWarrior|WindWarrior|BeastWarrior|CrazyWarrior|MutantMonster|EvilMonster|MagicSwordMan|DarkSwordMan|BowKing|ImperialAssassin|ElfQueen|HolyWingAvatar|BeastSoulOverlord|MutantMonster|EvilMonster|DarkBladePrincess,UseInBattle,3012,"item_5,item_icon_211",1,0,0,588,12222,0,0,0,0,0,0,0,0,0,0,0,0,0,0,0,0,0,0,0,0,0,0,0,0,0,0,0,0,0,0,0,0,0,0,0,0,0,0,0,0,0
224,道具,Item,Item,Head,力之源,力之源,Strength Source,腕力の源,힘의 근원,攻击力+1~5#效果随机，有时候+1有时候+5全看心情。,攻擊力+1~5#效果隨機，有時候+1有時候+5全看心情。,"ATK+1~5#Random effect—sometimes +1, sometimes +5, depending on its mood.",攻击力+1~5#效果随机，有时候+1有时候+5全看心情。,3000,1500,0,999,SwordMan|SwordMaster|SwordKing|BowMan|BowMaster|Priest|PriestMaster|PriestPrincess|Thief|Assassin|Magician|ElfMan|WingWarrior|WindWarrior|BeastWarrior|CrazyWarrior|MutantMonster|EvilMonster|MagicSwordMan|DarkSwordMan|BowKing|ImperialAssassin|ElfQueen|HolyWingAvatar|BeastSoulOverlord|MutantMonster|EvilMonster|DarkBladePrincess,BuffItem,3015,"item_5,item_icon_212",4,0,0,589,12223,0,0,0,0,0,0,0,0,0,0,1,0,0,0,0,0,0,0,0,0,0,0,0,0,0,0,0,0,0,0,0,0,0,0,0,0,0,0,0,0,0
225,道具,Item,Item,Head,御之源,禦之源,Defense Source,防御の源,방어의 근원,防御力+1~5#效果随机，有时候+1有时候+5全看心情。,防禦力+1~5#效果隨機，有時候+1有時候+5全看心情。,"DEF+1~5#Random effect—sometimes +1, sometimes +5, depending on its mood.",防御力+1~5#效果随机，有时候+1有时候+5全看心情。,3000,1500,0,999,SwordMan|SwordMaster|SwordKing|BowMan|BowMaster|Priest|PriestMaster|PriestPrincess|Thief|Assassin|Magician|ElfMan|WingWarrior|WindWarrior|BeastWarrior|CrazyWarrior|MutantMonster|EvilMonster|MagicSwordMan|DarkSwordMan|BowKing|ImperialAssassin|ElfQueen|HolyWingAvatar|BeastSoulOverlord|MutantMonster|EvilMonster|DarkBladePrincess,BuffItem,3016,"item_5,item_icon_213",4,0,0,590,12224,0,0,0,0,0,0,1,0,0,0,0,0,0,0,0,0,0,0,0,0,0,0,0,0,0,0,0,0,0,0,0,0,0,0,0,0,0,0,0,0,0
226,道具,Item,Item,Head,魔之源,魔之源,Magic Source,マジックの源,마법의 근원,魔击力+1~5#效果随机，有时候+1有时候+5全看心情。,魔擊力+1~5#效果隨機，有時候+1有時候+5全看心情。,"MATK+1~5#Random effect—sometimes +1, sometimes +5, depending on its mood.",魔击力+1~5#效果随机，有时候+1有时候+5全看心情。,3000,1500,0,999,SwordMan|SwordMaster|SwordKing|BowMan|BowMaster|Priest|PriestMaster|PriestPrincess|Thief|Assassin|Magician|ElfMan|WingWarrior|WindWarrior|BeastWarrior|CrazyWarrior|MutantMonster|EvilMonster|MagicSwordMan|DarkSwordMan|BowKing|ImperialAssassin|ElfQueen|HolyWingAvatar|BeastSoulOverlord|MutantMonster|EvilMonster|DarkBladePrincess,BuffItem,3017,"item_5,item_icon_214",4,0,0,591,12225,0,0,0,0,0,0,0,0,0,0,0,1,0,0,0,0,0,0,0,0,0,0,0,0,0,0,0,0,0,0,0,0,0,0,0,0,0,0,0,0,0
227,道具,Item,Item,Head,速之源,速之源,Speed Source,速さの源,속도의 근원,敏捷度+1~5#效果随机，有时候+1有时候+5全看心情。,敏捷度+1~5#效果隨機，有時候+1有時候+5全看心情。,"SPEED+1~5#Random effect—sometimes +1, sometimes +5, depending on its mood.",敏捷度+1~5#效果随机，有时候+1有时候+5全看心情。,3000,1500,0,999,SwordMan|SwordMaster|SwordKing|BowMan|BowMaster|Priest|PriestMaster|PriestPrincess|Thief|Assassin|Magician|ElfMan|WingWarrior|WindWarrior|BeastWarrior|CrazyWarrior|MutantMonster|EvilMonster|MagicSwordMan|DarkSwordMan|BowKing|ImperialAssassin|ElfQueen|HolyWingAvatar|BeastSoulOverlord|MutantMonster|EvilMonster|DarkBladePrincess,BuffItem,3018,"item_5,item_icon_215",4,0,0,592,12226,0,0,0,0,0,0,0,0,1,0,0,0,0,0,0,0,0,0,0,0,0,0,0,0,0,0,0,0,0,0,0,0,0,0,0,0,0,0,0,0,0
228,道具,Item,Item,Head,土之源,土之源,Earth Source,土の源,대지의 근원,抗土+1#大自然的恩赐，提升元素抗性。,抗土+1#大自然的恩賜，提升元素抗性。,Earth RES+1#A gift of nature that increases elemental resistance.,抗土+1#大自然的恩赐，提升元素抗性。,3000,1500,0,999,SwordMan|SwordMaster|SwordKing|BowMan|BowMaster|Priest|PriestMaster|PriestPrincess|Thief|Assassin|Magician|ElfMan|WingWarrior|WindWarrior|BeastWarrior|CrazyWarrior|MutantMonster|EvilMonster|MagicSwordMan|DarkSwordMan|BowKing|ImperialAssassin|ElfQueen|HolyWingAvatar|BeastSoulOverlord|MutantMonster|EvilMonster|DarkBladePrincess,BuffItem,3019,"item_5,item_icon_216",4,0,0,593,12227,0,0,0,0,0,0,0,0,0,0,0,0,0,0,0,1,0,0,0,0,0,0,0,0,0,0,0,0,0,0,0,0,0,0,0,0,0,0,0,0,0
229,道具,Item,Item,Head,火之源,火之源,Fire Source,火の源,불의 근원,抗火+1#大自然的恩赐，提升元素抗性。,抗火+1#大自然的恩賜，提升元素抗性。,Fire RES+1#A gift of nature that increases elemental resistance.,抗火+1#大自然的恩赐，提升元素抗性。,3000,1500,0,999,SwordMan|SwordMaster|SwordKing|BowMan|BowMaster|Priest|PriestMaster|PriestPrincess|Thief|Assassin|Magician|ElfMan|WingWarrior|WindWarrior|BeastWarrior|CrazyWarrior|MutantMonster|EvilMonster|MagicSwordMan|DarkSwordMan|BowKing|ImperialAssassin|ElfQueen|HolyWingAvatar|BeastSoulOverlord|MutantMonster|EvilMonster|DarkBladePrincess,BuffItem,3020,"item_5,item_icon_217",4,0,0,594,12228,0,0,0,0,0,0,0,0,0,0,0,0,1,0,0,0,0,0,0,0,0,0,0,0,0,0,0,0,0,0,0,0,0,0,0,0,0,0,0,0,0
230,道具,Item,Item,Head,水之源,水之源,Water Source,水の源,물의 근원,抗水+1#大自然的恩赐，提升元素抗性。,抗水+1#大自然的恩賜，提升元素抗性。,Water RES+1#A gift of nature that increases elemental resistance.,抗水+1#大自然的恩赐，提升元素抗性。,3000,1500,0,999,SwordMan|SwordMaster|SwordKing|BowMan|BowMaster|Priest|PriestMaster|PriestPrincess|Thief|Assassin|Magician|ElfMan|WingWarrior|WindWarrior|BeastWarrior|CrazyWarrior|MutantMonster|EvilMonster|MagicSwordMan|DarkSwordMan|BowKing|ImperialAssassin|ElfQueen|HolyWingAvatar|BeastSoulOverlord|MutantMonster|EvilMonster|DarkBladePrincess,BuffItem,3021,"item_5,item_icon_218",4,0,0,595,12229,0,0,0,0,0,0,0,0,0,0,0,0,0,1,0,0,0,0,0,0,0,0,0,0,0,0,0,0,0,0,0,0,0,0,0,0,0,0,0,0,0
231,道具,Item,Item,Head,风之源,風之源,Wind Source,風の源,바람의 근원,抗风+1#大自然的恩赐，提升元素抗性。,抗風+1#大自然的恩賜，提升元素抗性。,Wind RES+1#A gift of nature that increases elemental resistance.,抗风+1#大自然的恩赐，提升元素抗性。,3000,1500,0,999,SwordMan|SwordMaster|SwordKing|BowMan|BowMaster|Priest|PriestMaster|PriestPrincess|Thief|Assassin|Magician|ElfMan|WingWarrior|WindWarrior|BeastWarrior|CrazyWarrior|MutantMonster|EvilMonster|MagicSwordMan|DarkSwordMan|BowKing|ImperialAssassin|ElfQueen|HolyWingAvatar|BeastSoulOverlord|MutantMonster|EvilMonster|DarkBladePrincess,BuffItem,3022,"item_5,item_icon_219",4,0,0,596,12230,0,0,0,0,0,0,0,0,0,0,0,0,0,0,1,0,0,0,0,0,0,0,0,0,0,0,0,0,0,0,0,0,0,0,0,0,0,0,0,0,0
232,道具,Item,Item,Head,灵之源,靈之源,Mind Source,精神の源,영혼의 근원,抗心灵+1#大自然的恩赐，提升元素抗性。,抗心靈+1#大自然的恩賜，提升元素抗性。,Mind RES+1#A gift of nature that increases elemental resistance.,抗心灵+1#大自然的恩赐，提升元素抗性。,3000,1500,0,999,SwordMan|SwordMaster|SwordKing|BowMan|BowMaster|Priest|PriestMaster|PriestPrincess|Thief|Assassin|Magician|ElfMan|WingWarrior|WindWarrior|BeastWarrior|CrazyWarrior|MutantMonster|EvilMonster|MagicSwordMan|DarkSwordMan|BowKing|ImperialAssassin|ElfQueen|HolyWingAvatar|BeastSoulOverlord|MutantMonster|EvilMonster|DarkBladePrincess,BuffItem,3023,"item_5,item_icon_220",4,0,0,597,12231,0,0,0,0,0,0,0,0,0,0,0,0,0,0,0,0,1,0,0,0,0,0,0,0,0,0,0,0,0,0,0,0,0,0,0,0,0,0,0,0,0
233,道具,Item,Item,Head,会心之素,會心之素,Keen Essence,会心の素,회심의 정수,战斗时攻击力随机提升5~10，持续3回合#喝下后瞬间变强，但持续时间就像热恋期一样短暂。,戰鬥時攻擊力隨機提升5~10，持續3回合#喝下後瞬間變強，但持續時間就像熱戀期一樣短暫。,"Randomly grants ATK+5~10 for 3 turns#An instant boost, but it fades as quickly as a honeymoon phase.",战斗时攻击力随机提升5~10，持续3回合#喝下后瞬间变强，但持续时间就像热恋期一样短暂。,200,100,0,999,SwordMan|SwordMaster|SwordKing|BowMan|BowMaster|Priest|PriestMaster|PriestPrincess|Thief|Assassin|Magician|ElfMan|WingWarrior|WindWarrior|BeastWarrior|CrazyWarrior|MutantMonster|EvilMonster|MagicSwordMan|DarkSwordMan|BowKing|ImperialAssassin|ElfQueen|HolyWingAvatar|BeastSoulOverlord|MutantMonster|EvilMonster|DarkBladePrincess,UseInBattle,3013,"item_5,item_icon_221",5,0,0,598,12232,0,0,0,0,0,0,0,0,0,0,0,0,0,0,0,0,0,0,0,0,0,0,0,0,0,0,0,0,0,0,0,0,0,0,0,0,0,0,0,0,0
234,道具,Item,Item,Head,铁壁之素,鐵壁之素,Bulwark Essence,鉄壁の素,철벽의 정수,战斗时防御力随机提升5~10，持续3回合。#喝下后瞬间变强，但持续时间就像热恋期一样短暂。,戰鬥時防禦力隨機提升5~10，持續3回合。#喝下後瞬間變強，但持續時間就像熱戀期一樣短暫。,"Randomly grants DEF+5~10 for 3 turns#An instant boost, but it fades as quickly as a honeymoon phase.",战斗时防御力随机提升5~10，持续3回合。#喝下后瞬间变强，但持续时间就像热恋期一样短暂。,200,100,0,999,SwordMan|SwordMaster|SwordKing|BowMan|BowMaster|Priest|PriestMaster|PriestPrincess|Thief|Assassin|Magician|ElfMan|WingWarrior|WindWarrior|BeastWarrior|CrazyWarrior|MutantMonster|EvilMonster|MagicSwordMan|DarkSwordMan|BowKing|ImperialAssassin|ElfQueen|HolyWingAvatar|BeastSoulOverlord|MutantMonster|EvilMonster|DarkBladePrincess,UseInBattle,3014,"item_5,item_icon_222",5,0,0,599,12233,0,0,0,0,0,0,0,0,0,0,0,0,0,0,0,0,0,0,0,0,0,0,0,0,0,0,0,0,0,0,0,0,0,0,0,0,0,0,0,0,0
235,道具,Item,Item,Head,魔精之素,魔精之素,Arcane Essence,魔精の素,마정의 정수,战斗时魔击力随机提升5~10，持续3回合。#喝下后瞬间变强，但持续时间就像热恋期一样短暂。,戰鬥時魔擊力隨機提升5~10，持續3回合。#喝下後瞬間變強，但持續時間就像熱戀期一樣短暫。,"Randomly grants MATK+5~10 for 3 turns#An instant boost, but it fades as quickly as a honeymoon phase.",战斗时魔击力随机提升5~10，持续3回合。#喝下后瞬间变强，但持续时间就像热恋期一样短暂。,1,0,0,999,SwordMan|SwordMaster|SwordKing|BowMan|BowMaster|Priest|PriestMaster|PriestPrincess|Thief|Assassin|Magician|ElfMan|WingWarrior|WindWarrior|BeastWarrior|CrazyWarrior|MutantMonster|EvilMonster|MagicSwordMan|DarkSwordMan|BowKing|ImperialAssassin|ElfQueen|HolyWingAvatar|BeastSoulOverlord|MutantMonster|EvilMonster|DarkBladePrincess,UseInBattle,,,0,0,0,600,12234,0,0,0,0,0,0,0,0,0,0,0,0,0,0,0,0,0,0,0,0,0,0,0,0,0,0,0,0,0,0,0,0,0,0,0,0,0,0,0,0,0
236,道具,Item,Item,Head,疾影之素,疾影之素,Swift Essence,疾影の素,속도의 정수,战斗时敏捷随机提升5~10，持续3回合。#喝下后瞬间变强，但持续时间就像热恋期一样短暂。,戰鬥時敏捷隨機提升5~10，持續3回合。#喝下後瞬間變強，但持續時間就像熱戀期一樣短暫。,"Randomly grants SPEED+5~10 for 3 turns#An instant boost, but it fades as quickly as a honeymoon phase.",战斗时敏捷随机提升5~10，持续3回合。#喝下后瞬间变强，但持续时间就像热恋期一样短暂。,1,0,0,999,SwordMan|SwordMaster|SwordKing|BowMan|BowMaster|Priest|PriestMaster|PriestPrincess|Thief|Assassin|Magician|ElfMan|WingWarrior|WindWarrior|BeastWarrior|CrazyWarrior|MutantMonster|EvilMonster|MagicSwordMan|DarkSwordMan|BowKing|ImperialAssassin|ElfQueen|HolyWingAvatar|BeastSoulOverlord|MutantMonster|EvilMonster|DarkBladePrincess,UseInBattle,,,0,0,0,601,12235,0,0,0,0,0,0,0,0,0,0,0,0,0,0,0,0,0,0,0,0,0,0,0,0,0,0,0,0,0,0,0,0,0,0,0,0,0,0,0,0,0
237,道具,Item,ImportantProps,Head,通行证,通行證,Pass,通行証,통행증,官方盖章认证的通关宝物，小心别弄丢，补办要等三个工作天。,官方蓋章認證的通關寶物，小心別弄丟，補辦要等三個工作天。,An officially stamped pass required for entry. don't lose it—getting a replacement takes three business days.,官方盖章认证的通关宝物，小心别弄丢，补办要等三个工作天。,1,0,0,1,,NotSell|NotDrop|NotUse,,"item_5,item_icon_223",0,0,0,1412,12236,0,0,0,0,0,0,0,0,0,0,0,0,0,0,0,0,0,0,0,0,0,0,0,0,0,0,0,0,0,0,0,0,0,0,0,0,0,0,0,0,0
238,道具,Item,ImportantProps,Head,残忍的情书,殘忍的情書,Cruel Love Letter,残酷な恋文,잔인한 러브레터,一封痛彻心扉的拒绝信，能让人瞬间理解什么叫现实，副作用是三天内不想谈恋爱。,一封痛徹心扉的拒絕信，能讓人瞬間理解什麼叫現實，副作用是三天內不想談戀愛。,A heartbreaking rejection letter that instantly teaches you what reality feels like. Side effect: no interest in romance for three days.,一封痛彻心扉的拒绝信，能让人瞬间理解什么叫现实，副作用是三天内不想谈恋爱。,1,0,0,1,,NotSell|NotDrop|NotUse,,"item_5,item_icon_224",0,0,0,1413,12237,0,0,0,0,0,0,0,0,0,0,0,0,0,0,0,0,0,0,0,0,0,0,0,0,0,0,0,0,0,0,0,0,0,0,0,0,0,0,0,0,0
239,道具,Item,ImportantProps,Head,剑之魂,劍之魂,Soul of the Sword,剣の魂,검의 혼,最珍贵的东西往往是看不见的,最珍貴的東西往往是看不見的,The most precious things are often unseen.,最珍贵的东西往往是看不见的,1,0,0,1,,NotSell|NotDrop|NotUse,,"item_5,item_icon_225",0,0,0,1416,12238,0,0,0,0,0,0,0,0,0,0,0,0,0,0,0,0,0,0,0,0,0,0,0,0,0,0,0,0,0,0,0,0,0,0,0,0,0,0,0,0,0
240,道具,Item,ImportantProps,Head,福音之书,福音之書,Gospel,福音の書,복음의 서,据说读完能获得智慧，但没人能撑过第三页,據說讀完能獲得智慧，但沒人能撐過第三頁,"It is said that reading it grants wisdom, but no one has made it past the third page.",据说读完能获得智慧，但没人能撑过第三页,1,0,0,1,,NotSell|NotDrop|NotUse,,"item_5,item_icon_226",0,0,0,1418,12239,0,0,0,0,0,0,0,0,0,0,0,0,0,0,0,0,0,0,0,0,0,0,0,0,0,0,0,0,0,0,0,0,0,0,0,0,0,0,0,0,0
241,道具,Item,ImportantProps,Head,圣水晶,聖水晶,Holy Crystal,聖なる水晶,성스러운 수정,进入命运神殿中枢的钥匙，希望里面不是又一道门#(此道具要放在仓库才能生效),進入命運神殿中樞的鑰匙，希望裡面不是又一道門#(此道具要放在倉庫才能生效),The key to the core of the Temple of Fate—hopefully there isn't just another door inside.#This Item must be placed in the Storage to take effect.,进入命运神殿中枢的钥匙，希望里面不是又一道门#(此道具要放在仓库才能生效),1,0,0,1,,NotSell|NotDrop|NotUse,,"item_5,item_icon_227",0,0,0,1420,12240,0,0,0,0,0,0,0,0,0,0,0,0,0,0,0,0,0,0,0,0,0,0,0,0,0,0,0,0,0,0,0,0,0,0,0,0,0,0,0,0,0
242,装备,Equip,Bow,Weapon,雷欧纳德,雷歐納德,Leonard,レオナルド,레오나드,攻击力+12／命中:90%／攻击范围:2~3#职业限制:弓箭手,攻擊力+12／命中:90%／攻擊範圍:2~3#職業限制:弓箭手,ATK+12／HIT:90%／Attack Range:2~3#Class:Archer,攻击力+12／命中:90%／攻击范围:2~3#职业限制:弓箭手,200,100,0,999,BowMan|BowMaster|BowKing,,1055,"item_1,item_icon_043",0,0,0,0,12055,0,0,0,0,0,0,0,0,0,0,12,0,0,0,0,0,0,0,0,0,0,0,0,0,0,0,0,0,0,0,0,0,0,0,0,0,0,0,0,0,0
243,装备,Equip,Sword,Weapon,长刀,長刀,Greatblade,長刀,장도,攻击力+15／命中:96%#职业限制:剑士、魔剑士,攻擊力+15／命中:96%#職業限制:劍士、魔劍士,"ATK+15／HIT:96%#Class:Swordsman, Spellblade",攻击力+15／命中:96%#职业限制:剑士、魔剑士,200,100,0,999,SwordMan|SwordMaster|SwordKing|MagicSwordMan|DarkSwordMan|DarkBladePrincess,,2023,"item_1,item_icon_001",0,0,0,2584,12000,0,0,0,0,0,0,0,0,0,0,15,0,0,0,0,0,0,0,0,0,0,0,0,0,0,0,0,0,0,0,0,0,0,0,0,0,0,0,0,0,0
244,装备,Equip,Jewelry,Amulet1,护身符,護身符,Charm,お守り,호신부,防御力+2#护身符，承载着大人们的祝福与期望,防禦力+2#護身符，承載著大人們的祝福與期望,DEF+2#A charm bearing the blessings and hopes of the adults.,防御力+2#护身符，承载着大人们的祝福与期望,500,250,0,999,SwordMan|SwordMaster|SwordKing|BowMan|BowMaster|Priest|PriestMaster|PriestPrincess|Thief|Assassin|Magician|ElfMan|WingWarrior|WindWarrior|BeastWarrior|CrazyWarrior|MagicSwordMan|DarkSwordMan|BowKing|ImperialAssassin|ElfQueen|HolyWingAvatar|BeastSoulOverlord|DarkBladePrincess,,2025,"item_3,item_icon_147",0,0,0,543,12158,0,0,0,0,0,0,2,0,0,0,0,0,0,0,0,0,0,0,0,0,0,0,0,0,0,0,0,0,0,0,0,0,0,0,0,0,0,0,0,0,0
245,道具,Item,ImportantProps,Head,求婚戒指,求婚戒指,Engagement ring,プロポーズの指輪,프로포즈 반지,爱情没有保固，戒指也不保证会戴上对方的手。,愛情沒有保固，戒指也不保證會戴上對方的手。,"Love has no warranty, and no ring is promised the hand it was meant for.",爱情没有保固，戒指也不保证会戴上对方的手。,0,0,0,999,,NotSell|NotDrop|NotUse,,"item_4,item_icon_149",0,0,0,2623,12506,0,0,0,0,0,0,0,0,0,0,0,0,0,0,0,0,0,0,0,0,0,0,0,0,0,0,0,0,0,0,0,0,0,0,0,0,0,0,0,0,0
246,装备,Equip,Sword,Weapon,长刀,長刀,Greatblade,長刀,장도,雷欧纳德,雷歐納德,Leonard,雷欧纳德,0,0,0,1,SwordMan|SwordMaster|SwordKing|MagicSwordMan|DarkSwordMan|DarkBladePrincess,NotUse,1000,"item_1,item_icon_001",0,0,0,2584,0,0,0,0,0,0,0,0,0,0,0,0,0,0,0,0,0,0,0,0,0,0,0,0,0,0,100,0,0,0,0,0,0,0,0,0,0,0,0,0,0,0
247,装备,Equip,Jewelry,Amulet1,皇家护符,皇家護符,Royal Charm,皇室のお守り,황실 부적,防御力+2#古老的护身符，似乎是很早以前从某位英雄流传下来的饰品。拉尔斯帝国王室一直都小心翼翼地保存着。#仅限缇娜使用,防禦力+2#古老的護身符，似乎是很早以前從某位英雄流傳下來的飾品。拉爾斯帝國王室一直都小心翼翼地保存著。#僅限緹娜使用,DEF+2#An ancient Charm said to have been passed down from a hero long ago. The royal family of the Lars Empire has preserved it with great care ever since.#Tina only.,防御力+2#古老的护身符，似乎是很早以前从某位英雄流传下来的饰品。拉尔斯帝国王室一直都小心翼翼地保存着。#仅限缇娜使用,0,0,0,1,Priest|PriestMaster|PriestPrincess,NotSell|NotDrop|NotUse,,"item_5,item_icon_237",0,0,0,12242,12241,0,0,0,0,0,0,2,0,0,0,0,0,0,0,0,0,0,0,0,0,0,0,0,0,0,0,0,0,0,0,0,0,0,0,0,0,0,0,0,0,0
248,道具,Item,ImportantProps,Head,染血的披风,染血的披風,Bloodstained Cloak,血に染まったマント,피로 물든 망토,<转职道具>染血的披风,<轉職道具>染血的披風,<Promotion Item>Bloodstained Cloak,<转职道具>染血的披风,0,0,0,1,,NotSell|NotDrop|NotUse,,"item_5,item_icon_239",0,0,0,12459,12449,0,0,0,0,0,0,0,0,0,0,0,0,0,0,0,0,0,0,0,0,0,0,0,0,0,0,0,0,0,0,0,0,0,0,0,0,0,0,0,0,0
249,道具,Item,ImportantProps,Head,法兰克的日志,法蘭克的日誌,Frank's Journal,フランクの日誌,프란커의 일지,<转职道具>法兰克的日志,<轉職道具>法蘭克的日誌,<Promotion Item>Frank's Journal,<转职道具>法兰克的日志,0,0,0,1,,NotSell|NotDrop|NotUse,,"item_5,item_icon_235",0,0,0,12460,12450,0,0,0,0,0,0,0,0,0,0,0,0,0,0,0,0,0,0,0,0,0,0,0,0,0,0,0,0,0,0,0,0,0,0,0,0,0,0,0,0,0
250,道具,Item,ImportantProps,Head,巴格拉姆文档1,巴格拉姆文件1,Bagram Secret Documents I,バグラムの秘密文書1,파크라모의 비밀 문서 1,<重要道具>巴格拉姆的秘密文档1,<重要道具>巴格拉姆的秘密文件1,<Key Item>Bagram Secret Documents I,<重要道具>巴格拉姆的秘密文档1,0,0,0,1,,NotSell|NotDrop|NotUse,,"item_5,item_icon_234",0,0,0,12461,12451,0,0,0,0,0,0,0,0,0,0,0,0,0,0,0,0,0,0,0,0,0,0,0,0,0,0,0,0,0,0,0,0,0,0,0,0,0,0,0,0,0
251,道具,Item,ImportantProps,Head,妖精王的研究笔记,妖精王的研究筆記,King of the Elves' Research Notes,エルフ王の研究ノート,요정왕의 연구 노트,<重要道具>妖精王的研究笔记,<重要道具>妖精王的研究筆記,<Key Item>King of the Elves' Research Notes,<重要道具>妖精王的研究笔记,0,0,0,1,,NotSell|NotDrop|NotUse,,"item_5,item_icon_236",0,0,0,12462,12452,0,0,0,0,0,0,0,0,0,0,0,0,0,0,0,0,0,0,0,0,0,0,0,0,0,0,0,0,0,0,0,0,0,0,0,0,0,0,0,0,0
252,道具,Item,ImportantProps,Head,擎的戒指,擎的戒指,Qing's Ring,キンの指輪,경의 반지,<转职道具>擎的戒指,<轉職道具>擎的戒指,<Promotion Item>Qing's Ring,<转职道具>擎的戒指,0,0,0,1,,NotSell|NotDrop|NotUse,,"item_5,item_icon_238",0,0,0,12463,12453,0,0,0,0,0,0,0,0,0,0,0,0,0,0,0,0,0,0,0,0,0,0,0,0,0,0,0,0,0,0,0,0,0,0,0,0,0,0,0,0,0
253,道具,Item,ImportantProps,Head,仿制的破坏神内核,仿製的破壞神核心,Replica Core of the God of Ruin,複製された破壊神のコア,파괴신 코어의 모조품,<转职道具>仿制的破坏神内核,<轉職道具>仿製的破壞神核心,<Promotion Item>Replica Core of the God of Ruin,<转职道具>仿制的破坏神内核,0,0,0,1,,NotSell|NotDrop|NotUse,,"item_5,item_icon_241",0,0,0,12464,12454,0,0,0,0,0,0,0,0,0,0,0,0,0,0,0,0,0,0,0,0,0,0,0,0,0,0,0,0,0,0,0,0,0,0,0,0,0,0,0,0,0
254,道具,Item,ImportantProps,Head,漆黑的羽毛,漆黑的羽毛,Pitch Black Feather,漆黒の羽根,칠흑의 깃털,<转职道具>漆黑的羽毛,<轉職道具>漆黑的羽毛,<Promotion Item>Pitch Black Feather,<转职道具>漆黑的羽毛,0,0,0,1,,NotSell|NotDrop|NotUse,,"item_5,item_icon_240",0,0,0,12465,12455,0,0,0,0,0,0,0,0,0,0,0,0,0,0,0,0,0,0,0,0,0,0,0,0,0,0,0,0,0,0,0,0,0,0,0,0,0,0,0,0,0
255,装备,Equip,Jewelry,Amulet1,漆黑的羽毛,漆黑的羽毛,Pitch Black Feather,漆黒の羽根,칠흑의 깃털,攻+20／魔击力+20%#移动力+1／射程+1#职业限制:翼战士,攻+20／魔擊力+20%#移動力+1／射程+1#職業限制:翼戰士,ATK+20／MATK+20%#MOV+1／Attack Range+1#Class:Winged Warrior,攻+20／魔击力+20%#移动力+1／射程+1#职业限制:翼战士,0,0,0,99,WingWarrior|WindWarrior|HolyWingAvatar,NotSell|NotDrop|NotUse,,"item_5,item_icon_240",0,0,0,12466,12456,0,0,0,0,0,0,0,0,0,1,20,20,0,0,0,0,0,0,0,0,1,0,0,0,0,0,0,0,0,0,0,0,0,0,0,0,0,0,0,0,0
256,道具,Item,ImportantProps,Head,妖精王的手札,妖精王的手札,King of the Elves' Notes,エルフ王の手記,요정왕의 수첩,<转职道具>妖精王的手札,<轉職道具>妖精王的手札,<Promotion Item>King of the Elves' Notes,<转职道具>妖精王的手札,0,0,0,1,,NotSell|NotDrop|NotUse,,"item_5,item_icon_236",0,0,0,12467,12457,0,0,0,0,0,0,0,0,0,0,0,0,0,0,0,0,0,0,0,0,0,0,0,0,0,0,0,0,0,0,0,0,0,0,0,0,0,0,0,0,0
257,道具,Item,ImportantProps,Head,巴格拉姆文档2,巴格拉姆文件2,Bagram Secret Documents II,バグラムの秘密文書2,파크라모의 비밀 문서 2,<重要道具>巴格拉姆的秘密文档2,<重要道具>巴格拉姆的秘密文件2,<Key Item>Bagram Secret Documents II,<重要道具>巴格拉姆的秘密文档2,0,0,0,1,,NotSell|NotDrop|NotUse,,"item_5,item_icon_234",0,0,0,12468,12458,0,0,0,0,0,0,0,0,0,0,0,0,0,0,0,0,0,0,0,0,0,0,0,0,0,0,0,0,0,0,0,0,0,0,0,0,0,0,0,0,0
258,装备,Equip,Axe,Weapon,火元素,火元素,Fire Element,火エレメンタル,화염 원소,攻+120#火伤害15-25／降火抗5%,攻+120#火傷害15-25／降火抗5%,ATK+120#Fire DMG 15-25／Fire RES-5%,攻+120#火伤害15-25／降火抗5%,0,0,0,1,SwordMan|SwordMaster|SwordKing|BowMan|BowMaster|Priest|PriestMaster|PriestPrincess|Thief|Assassin|Magician|ElfMan|WingWarrior|WindWarrior|BeastWarrior|CrazyWarrior|MutantMonster|EvilMonster|MagicSwordMan|DarkSwordMan|BowKing|ImperialAssassin|ElfQueen|HolyWingAvatar|BeastSoulOverlord|MutantMonster|EvilMonster|DarkBladePrincess,NotUse,1093,"item_5,item_icon_229",0,0,0,12474,12492,0,0,0,0,0,0,0,0,0,0,120,0,100,-25,0,0,0,0,0,0,0,0,0,0,0,0,0,0,0,0,100,0,0,0,0,0,0,0,0,0,0
259,装备,Equip,Axe,Weapon,风元素,風元素,Wind Element,風エレメンタル,바람 원소,攻+80#风伤害10-15／降风抗5%,攻+80#風傷害10-15／降風抗5%,ATK+80#Wind DMG 10-15／Wind RES-5%,攻+80#风伤害10-15／降风抗5%,0,0,0,1,SwordMan|SwordMaster|SwordKing|BowMan|BowMaster|Priest|PriestMaster|PriestPrincess|Thief|Assassin|Magician|ElfMan|WingWarrior|WindWarrior|BeastWarrior|CrazyWarrior|MutantMonster|EvilMonster|MagicSwordMan|DarkSwordMan|BowKing|ImperialAssassin|ElfQueen|HolyWingAvatar|BeastSoulOverlord|MutantMonster|EvilMonster|DarkBladePrincess,NotUse,1094,"item_5,item_icon_229",0,0,0,12475,12493,0,0,0,0,0,0,0,0,10,1,90,0,0,0,100,-25,0,0,0,0,0,0,0,0,0,0,0,0,0,0,0,0,100,0,0,0,0,0,0,0,0
260,装备,Equip,Axe,Weapon,水元素,水元素,Water Element,水エレメンタル,물 원소,攻+75#自动回血／水伤害5-15／降水抗5%,攻+75#自動回血／水傷害5-15／降水抗5%,ATK+75#Auto HP Recovery／Water DMG 5-15／Water RES-5%,攻+75#自动回血／水伤害5-15／降水抗5%,0,0,0,1,SwordMan|SwordMaster|SwordKing|BowMan|BowMaster|Priest|PriestMaster|PriestPrincess|Thief|Assassin|Magician|ElfMan|WingWarrior|WindWarrior|BeastWarrior|CrazyWarrior|MutantMonster|EvilMonster|MagicSwordMan|DarkSwordMan|BowKing|ImperialAssassin|ElfQueen|HolyWingAvatar|BeastSoulOverlord|MutantMonster|EvilMonster|DarkBladePrincess,NotUse,1095|1096,"item_5,item_icon_229",0,0,0,12476,12494,0,0,0,0,0,0,0,0,0,0,70,0,-25,100,0,0,0,0,0,0,0,0,0,0,0,0,0,0,0,0,0,100,0,0,0,0,0,0,0,0,0
261,装备,Equip,Axe,Weapon,土元素,土元素,Earth Element,土エレメンタル,대지 원소,攻+85#物理减伤50%／土伤害1-35／降土抗5%,攻+85#物理減傷50%／土傷害1-35／降土抗5%,ATK+85#Physical DMG Reduction+50%／Earth DMG 1-35／Earth RES-5%,攻+85#物理减伤50%／土伤害1-35／降土抗5%,0,0,0,1,SwordMan|SwordMaster|SwordKing|BowMan|BowMaster|Priest|PriestMaster|PriestPrincess|Thief|Assassin|Magician|ElfMan|WingWarrior|WindWarrior|BeastWarrior|CrazyWarrior|MutantMonster|EvilMonster|MagicSwordMan|DarkSwordMan|BowKing|ImperialAssassin|ElfQueen|HolyWingAvatar|BeastSoulOverlord|MutantMonster|EvilMonster|DarkBladePrincess,NotUse,1097,"item_5,item_icon_229",0,0,0,12477,12495,0,0,0,0,0,0,0,0,0,0,80,0,0,0,-25,100,0,0,0,0,0,0,0,0,0,0,0,0,0,50,0,0,0,100,0,0,0,0,0,0,0
262,装备,Equip,Sword,Weapon,魔将巨剑,魔將巨劍,Demon General Greatsword,魔将の大剣,마장 대검,攻+180#心灵伤害50-100／攻击范围:1~2,攻+180#心靈傷害50-100／攻擊範圍:1~2,ATK+180#Mind DMG 50-100／Attack Range: 1-2,攻+180#心灵伤害50-100／攻击范围:1~2,0,0,0,1,SwordMan|SwordMaster|SwordKing|BowMan|BowMaster|Priest|PriestMaster|PriestPrincess|Thief|Assassin|Magician|ElfMan|WingWarrior|WindWarrior|BeastWarrior|CrazyWarrior|MutantMonster|EvilMonster|MagicSwordMan|DarkSwordMan|BowKing|ImperialAssassin|ElfQueen|HolyWingAvatar|BeastSoulOverlord|MutantMonster|EvilMonster|DarkBladePrincess,NotUse,1098,"item_1,item_icon_009",0,0,0,12486,12496,0,0,0,0,0,0,0,0,0,0,180,0,0,0,0,0,0,0,0,0,0,0,0,0,0,0,0,0,0,33,0,0,0,0,0,0,0,0,0,0,0
263,装备,Equip,Sword,Weapon,魔骑士剑,魔騎士劍,Demon Knight Sword,魔騎士の剣,마기사의 검,攻+100#心灵伤害30-50,攻+100#心靈傷害30-50,ATK+100#Mind DMG 30-50,攻+100#心灵伤害30-50,0,0,0,1,SwordMan|SwordMaster|SwordKing|BowMan|BowMaster|Priest|PriestMaster|PriestPrincess|Thief|Assassin|Magician|ElfMan|WingWarrior|WindWarrior|BeastWarrior|CrazyWarrior|MutantMonster|EvilMonster|MagicSwordMan|DarkSwordMan|BowKing|ImperialAssassin|ElfQueen|HolyWingAvatar|BeastSoulOverlord|MutantMonster|EvilMonster|DarkBladePrincess,NotUse,1099,"item_1,item_icon_009",0,0,0,12487,12497,0,0,0,0,0,0,0,0,0,0,100,0,0,0,0,0,0,0,0,0,0,0,0,0,0,0,0,0,0,15,0,0,0,0,0,0,0,0,0,0,0
264,装备,Equip,Jewelry,Amulet1,皇家护符,皇家護符,Royal Charm,皇室のお守り,황실 부적,减伤10%／魔力+10%#觉醒了完整力量的皇家护符，只有尊贵的英雄后裔才可以使用。#仅限缇娜使用,減傷10%／魔力+10%#覺醒了完整力量的皇家護符，只有尊貴的英雄後裔才可以使用。#僅限緹娜使用,DMG Reduction+10%／MP+10%#The royal charm has awakened its full power. Only descendants of the heroic bloodline may wield it.#Tina only,减伤10%／魔力+10%#觉醒了完整力量的皇家护符，只有尊贵的英雄后裔才可以使用。#仅限缇娜使用,0,0,0,1,Priest|PriestMaster|PriestPrincess,NotSell|NotDrop|NotUse,,"item_5,item_icon_237",0,0,0,12242,12491,0,0,0,0,0,0,0,0,0,0,0,0,0,0,0,0,0,0,0,0,0,0,0,0,0,0,0,0,0,0,0,0,0,0,0,0,0,0,10,0,10
265,装备,Equip,Sword,Weapon,钉头锤,釘頭錘,Spiked Mace,メイス,메이스,攻+38／命中:94%／魔击力+5%,攻+38／命中:94%／魔擊力+5%,ATK+38／ACC:94%／MATK+5%,攻+38／命中:94%／魔击力+5%,900,450,0,999,SwordMan|SwordMaster|SwordKing|MagicSwordMan|DarkSwordMan|DarkBladePrincess,NotUse,1052,"item_2,item_icon_054",0,0,0,2564,12498,0,0,0,0,0,0,0,0,0,0,38,5,0,0,0,0,0,0,0,0,0,0,0,0,0,0,0,0,0,0,0,0,0,0,0,0,0,0,0,0,0
266,装备,Equip,Sword,Weapon,钉头锤,釘頭錘,Spiked Mace,メイス,메이스,攻+104／命中:94%／魔击力+5%,攻+104／命中:94%／魔擊力+5%,ATK+104／ACC:94%／MATK+5%,攻+104／命中:94%／魔击力+5%,900,450,0,999,SwordMan|SwordMaster|SwordKing|MagicSwordMan|DarkSwordMan|DarkBladePrincess,NotUse,1052,"item_2,item_icon_054",0,0,0,2564,12499,0,0,0,0,0,0,0,0,0,0,104,5,0,0,0,0,0,0,0,0,0,0,0,0,0,0,0,0,0,0,0,0,0,0,0,0,0,0,0,0,0
267,装备,Equip,Jewelry,Amulet1,骑士团长徽章,騎士團長徽章,Knight Commander Emblem,騎士団長の紋章,기사단장 휘장,攻+3／防+6／敏捷+2#回气2倍#骑士团长的证明，第二骑士团是沃斯菲塔最强骑士团。#雷欧纳德专用，不可以脱下,攻+3／防+6／敏捷+2#回氣2倍#騎士團長的證明，第二騎士團是沃斯菲塔最強騎士團。#雷歐納德專用，不可以脫下,ATK+3／DEF+6／SPEED+2#SP Recovery x2#Proof of a Knight Commander. The Second Knight Order is the strongest knight order in Warsfetal.#Leonard only. Cannot be removed.,攻+3／防+6／敏捷+2#回气2倍#骑士团长的证明，第二骑士团是沃斯菲塔最强骑士团。#雷欧纳德专用，不可以脱下,0,9999,0,1,SwordMan,NotSell|NotDrop|NotUse|NotUnequip,,"item_4,item_icon_159",0,0,0,12500,12501,0,0,0,0,0,0,6,0,2,0,3,0,0,0,0,0,0,0,0,0,0,100,0,0,0,0,0,0,0,0,0,0,0,0,0,0,0,0,0,0,0
268,道具,Item,ImportantProps,Head,神秘小礼物,神秘小禮物,Mysterious Token,神秘的な贈り物,신비로운 깜짝 선물,神秘商人赠送的小礼物，听说是99999号客人才能获得的激稀有奖品。,神秘商人贈送的小禮物，聽說是99999號客人才能獲得的激稀有獎品。,"A small token bestowed by the mysterious merchant. Rumor has it that this exceedingly rare prize is reserved exclusively for their 99,999th patron.",神秘商人赠送的小礼物，听说是99999号客人才能获得的激稀有奖品。,0,0,0,1,,NotSell|NotDrop|NotUse,,"item_5,item_icon_268",0,0,0,12502,12503,0,0,0,0,0,0,0,0,0,0,0,0,0,0,0,0,0,0,0,0,0,0,0,0,0,0,0,0,0,0,0,0,0,0,0,0,0,0,0,0,0
269,道具,Item,Item,Head,奥汀徽章,奧汀徽章,The Odin Insignia,オーディンの紋章,오딘의 휘장,一枚神秘徽章，其由来的古老与隐秘，甚至连那位流浪商人也一无所知。唯一的线索，便是其表面镌刻的一行古代符文，隐约显现着……“致未来的你”。,這是一個神秘的徽章，神秘到神秘商人都不知道他的來歷，只知道他上面的古文寫著…給未來的你。,"A enigmatic insignia shrouded in such deep mystery that even the wandering merchant knows nothing of its origins. The only clue lies within the ancient runes carved upon its surface, which faintly read: ""For your future self.""",一枚神秘徽章，其由来的古老与隐秘，甚至连那位流浪商人也一无所知。唯一的线索，便是其表面镌刻的一行古代符文，隐约显现着……“致未来的你”。,0,0,0,999,,NotSell|NotDrop|NotUse,,"item_5,item_icon_269",0,0,0,12504,12505,0,0,0,0,0,0,0,0,0,0,0,0,0,0,0,0,0,0,0,0,0,0,0,0,0,0,0,0,0,0,0,0,0,0,0,0,0,0,0,0,0
270,装备,Equip,Axe,Weapon,???,???,???,？？？,???,攻击力+56／命中:99%／攻击范围:3,攻擊力+56／命中:99%／攻擊範圍:3,ATK+56／HIT:99%／Attack Range:3,攻击力+56／命中:99%／攻击范围:3,0,0,0,999,EvilMonster|EvilMonster,NotUse|NotUnequip,1100|11001,"item_5,item_icon_228",0,0,0,306,12049,0,0,0,0,0,0,0,0,0,0,56,0,0,0,0,0,0,0,0,0,0,0,0,0,0,0,0,0,0,0,0,0,0,0,0,0,0,0,0,0,0
271,装备,Equip,Sword,Weapon,妖刀・龙光,妖刀・龍光,Demon Katana: Ryuko,妖刀龍光,요도 룡광,攻击力+240／魔击力+30%／命中:95%#无视魔法抗性 +33%#每回合 -5% HP，额外 +5% MATK#职业限制:魔剑士,攻擊力+240／魔擊力+30%／命中率:95%#無視魔法抗性+33%#每回合-5%HP 額外+5% MATK#魔劍士專屬,ATK +240／MATK +30%／HIT:95%#Magic Pen. +33%#Loses 5% HP per turn to gain an extra +5% MATK #Class:Mage,攻击力+240／魔击力+30%／命中:95%#无视魔法抗性 +33%#每回合 -5% HP，额外 +5% MATK#职业限制:魔剑士,0,0,40,0,MagicSwordMan|DarkSwordMan|DarkBladePrincess,NotUse,1101|129,"item_6,item_icon_271",0,0,0,19669,19678,0,0,0,0,0,0,0,0,0,0,240,30,0,0,0,0,0,33,0,0,0,0,0,0,0,0,0,0,0,0,0,0,0,0,0,0,0,0,0,0,0
272,装备,Equip,Staff,Weapon,魔神器・幻空,魔神器・幻空,Abyssal Artifact: Genku,魔神器幻空,마신기 환공,魔击力 +100%／命中:95%#全属性抗性 -100% ／免疫全部负面状态 #移动施法／每回合 +10%HP#职业限制:魔法师,魔擊力+100%／命中率:95%#全抗-100% ／免疫異常狀態#移動施法／每回合+10%HP#法師專屬,MATK +100%／HIT:95%#All RES -100% ／Immune to all debuffs #Cast while moving ／Restores 10% HP per turn#Class:Mage,魔击力 +100%／命中:95%#全属性抗性 -100% ／免疫全部负面状态 #移动施法／每回合 +10%HP#职业限制:魔法师,0,0,50,0,Magician|ElfMan|ElfQueen,NotUse,1102|131|132|133,"item_6,item_icon_272",0,0,0,19670,19679,0,0,0,0,0,0,0,0,0,0,0,100,-100,-100,-100,-100,-100,0,0,0,0,0,0,0,0,0,0,0,0,0,0,0,0,0,0,0,0,0,0,0,0
273,装备,Equip,Dagger,Weapon,魔刀・哭殺,魔刀・哭殺,Cursed Dagger: Kusa,魔刀クサツ,마도 곡살,攻击力 +220／命中:92%#移动力 +2／HP +80／心抗 -100%#普通攻击命中时，随机附加【封魔】或【麻痹】状态#职业限制:盗贼,攻擊力+220／命中率:92%#移動力+2／生命+80／心抗-100%#普攻命中隨機帶封魔或麻痺#盜賊專屬,ATK +220／HIT:92% #MOV +2 ／HP +80 ／MND RES -100%#Basic attacks have a chance to randomly inflict [Silence] or [Paralysis] on hit.#Class:Thief,攻击力 +220／命中:92%#移动力 +2／HP +80／心抗 -100%#普通攻击命中时，随机附加【封魔】或【麻痹】状态#职业限制:盗贼,0,0,60,0,Thief|Assassin|ImperialAssassin,NotUse,1103|134,"item_6,item_icon_273",0,0,0,19671,19680,0,0,0,0,80,0,0,0,0,2,220,0,0,0,0,0,-100,0,0,0,0,0,0,0,0,0,0,0,0,0,0,0,0,0,0,0,0,0,0,0,0
274,装备,Equip,Spear,Weapon,龍槍・空斬殺,龍槍・空斬殺,Dragon Lance: Skycleaver,竜槍空斬殺,용창 공참살,攻击力+255／命中:99%#额外风属性伤害 35~50#移动力 +1／射程 +1#职业限制:翼战士,攻擊力+255／命中率:99%#風屬傷害+35~50#移動力+1/射程+1#職業限制:翼戰士,ATK +255／HIT:99%#+35~50 Bonus Wind DMG#MOV +1／RNG +1#Class:Winged Warrior,攻击力+255／命中:99%#额外风属性伤害 35~50#移动力 +1／射程 +1#职业限制:翼战士,0,0,80,0,WingWarrior|WindWarrior|HolyWingAvatar,NotUse,1104,"item_6,item_icon_274",0,0,0,19672,19681,0,0,0,0,0,0,0,0,0,1,255,0,0,0,0,0,0,0,0,0,1,0,0,0,0,0,0,0,0,0,0,0,0,0,0,0,0,0,0,0,0
275,装备,Equip,Spear,Weapon,死枪・奥汀,死槍・奧汀,Death Lance: Odin,冥槍オーディン,사창 오딘,攻击力+235／命中:95%#额外心智伤害 50~100#每回合扣除 10% MP，并转化为增加 10% MATK #职业限制:翼战士,攻擊力+235／命中率:95%#/心靈傷害+50~100#每回合-10%MP轉化成增加10%MATK#職業限制:翼戰士,ATK +235／HIT:95%#+50~100 Bonus Mind DMG#Consumes 10% MP per turn to convert into +10% MATK#Class:Winged Warrior,攻击力+235／命中:95%#额外心智伤害 50~100#每回合扣除 10% MP，并转化为增加 10% MATK #职业限制:翼战士,0,0,85,0,WingWarrior|WindWarrior|HolyWingAvatar,NotUse,1105|136,"item_6,item_icon_275",0,0,0,19673,19682,0,0,0,0,0,0,0,0,0,0,235,0,0,0,0,0,0,0,0,0,0,0,0,0,0,0,0,0,0,0,0,0,0,0,0,0,0,0,0,0,0
276,装备,Equip,Spear,Weapon,神枪・永恒,神槍・永恆,Divine Lance: Eternity,聖槍グングニル,신창 영원,攻击力 +285／命中:92%#法术减伤 +33%／物理减伤 +33% #职业限制:翼战士,攻擊力+285／命中率:92%#法術減傷+33%／物理減傷+33%#職業限制:翼戰士,ATK +285／HIT:92%#Magic DMG Red. +33%／Physical DMG Red. +33%#Class:Winged Warrior,攻击力 +285／命中:92%#法术减伤 +33%／物理减伤 +33% #职业限制:翼战士,0,0,65,0,WingWarrior|WindWarrior|HolyWingAvatar,NotUse,1106,"item_6,item_icon_276",0,0,0,19674,19683,0,0,0,0,0,0,0,0,0,0,285,0,0,0,0,0,0,0,0,0,0,0,0,0,0,0,0,0,0,33,0,33,33,33,33,0,0,0,0,0,0
277,装备,Equip,Bow,Weapon,魔弓・龙杀破,魔弓・龍殺破,Demonic Longbow: Dragon-Slayer,魔弓竜殺破,마궁 용살파,攻击力 +225／命中:95%#暴击率 +33%#火焰免疫#职业限制:弓箭手,攻擊力+225／命中率:95%#爆擊+33%#火焰免疫#職業限制:弓箭手,ATK +225／HIT:95%#CRIT +33%#Fire Immunity#Class:Archer,攻击力 +225／命中:95%#暴击率 +33%#火焰免疫#职业限制:弓箭手,0,0,70,0,BowMan|BowMaster|BowKing,NotUse,1107,"item_6,item_icon_277",0,0,0,19675,19684,0,0,0,0,0,0,0,0,0,0,225,0,0,0,0,0,0,0,0,0,0,0,0,0,0,33,0,0,0,0,100,0,0,0,0,0,0,0,0,0,0
278,装备,Equip,Axe,Weapon,神斧・七星龙,神斧・七星龍,Divine Axe: Seven-Star Dragon,神斧七星竜,신도 칠성룡,攻击力 +300／命中率：92%#每回合 -5% DEF（上限 7 层）每回合增加反击率 5%（上限 7 层）#每回合增加全法术免伤 5%（上限 7 层）#职业限制：斗士,攻擊力+300／命中率:92%#每回合-5%DEF(上限7層)/每回合增加反擊率5%(上限7層)#每回合增加全法術免傷5%(上限7層)#職業限制:鬥士,ATK +300／HIT: 92%#-5% DEF per turn (Max 7 stacks)／+5% Counter Rate per turn (Max 7 stacks)#+5% Magic DMG Mit. per turn (Max 7 stacks)#Class:Fighter,攻击力 +300／命中率：92%#每回合 -5% DEF（上限 7 层）每回合增加反击率 5%（上限 7 层）#每回合增加全法术免伤 5%（上限 7 层）#职业限制：斗士,0,0,75,0,BeastWarrior|CrazyWarrior|BeastSoulOverlord,NotUse,1108|138,"item_6,item_icon_278",0,0,0,19676,19685,0,0,0,0,0,0,0,0,0,0,300,0,0,0,0,0,0,0,0,0,0,0,0,0,0,0,0,0,0,0,0,0,0,0,0,0,0,0,0,0,0
279,装备,Equip,Armor,Body,真・奥汀特制Ｔ恤,真・奧汀特製Ｔ恤,True Odin Custom T-Shirt,真・オーディン特製Ｔシャツ,진・오딘 특제 티셔츠,DEF +999／全属性抗性 +99%／异常状态免疫／移动力 -3,防+999／全抗+99%／異常免疫／移動力-3,DEF +999／All RES +99%#Immune to all status ailments#MOV -3,DEF +999／全属性抗性 +99%／异常状态免疫／移动力 -3,0,0,90,0,SwordMan|SwordMaster|SwordKing|BowMan|BowMaster|Priest|PriestMaster|PriestPrincess|Thief|Assassin|Magician|ElfMan|WingWarrior|WindWarrior|BeastWarrior|CrazyWarrior|MagicSwordMan|DarkSwordMan|BowKing|ImperialAssassin|ElfQueen|HolyWingAvatar|BeastSoulOverlord|DarkBladePrincess,NotUse,131,"item_3,item_icon_106",0,0,0,19677,19686,0,0,0,0,0,0,0,0,0,0,0,0,0,0,0,0,0,0,0,0,0,0,0,0,0,0,0,0,0,0,0,0,0,0,0,0,0,0,0,0,0
280,道具,Item,Item,Head,力之魂,力之魂,The Soul of Power,力の魂,힘의 혼,攻击力随机增加+3~15#人生就是这样，除非你S/L。,攻擊力隨機增加+3~15#人生就是這樣，除非你S/L。,ATK randomly +3~15#That's life—unless you S/L.,攻击力随机增加+3~15#人生就是这样，除非你S/L。,6000,3000,12,0,,BuffItem,140,"item_5,item_icon_212",0,0,0,19688,19699,0,0,0,0,0,0,0,0,0,0,0,0,0,0,0,0,0,0,0,0,0,0,0,0,0,0,0,0,0,0,0,0,0,0,0,0,0,0,0,0,0
281,道具,Item,Item,Head,御之魂,禦之魂,The Bastion Soul,御の魂,방어의 혼,防御力随机增加+3~15#人生就是这样，除非你S/L。,防禦力隨機增加+3~15#人生就是這樣，除非你S/L。,DEF randomly +3~15#That's life—unless you S/L.,防御力随机增加+3~15#人生就是这样，除非你S/L。,6000,3000,15,0,,BuffItem,141,"item_5,item_icon_213",0,0,0,19689,19700,0,0,0,0,0,0,0,0,0,0,0,0,0,0,0,0,0,0,0,0,0,0,0,0,0,0,0,0,0,0,0,0,0,0,0,0,0,0,0,0,0
282,道具,Item,Item,Head,魔之魂,魔之魂,Soul of Sorcery,魔の魂,마력의 혼,魔击力随机增加+3~15#人生就是这样，除非你S/L。,魔擊力隨機增加+3~15#人生就是這樣，除非你S/L。,MATK randomly +3~15#That's life—unless you S/L.,魔击力随机增加+3~15#人生就是这样，除非你S/L。,6000,3000,18,0,,BuffItem,142,"item_5,item_icon_214",0,0,0,19690,19701,0,0,0,0,0,0,0,0,0,0,0,0,0,0,0,0,0,0,0,0,0,0,0,0,0,0,0,0,0,0,0,0,0,0,0,0,0,0,0,0,0
283,道具,Item,Item,Head,速之魂,速之魂,The Swiftness Soul,速の魂,신속의 혼,敏捷随机增加+3~15#人生就是这样，除非你S/L。,敏捷隨機增加+3~15#人生就是這樣，除非你S/L。,SPD randomly +3~15#That's life—unless you S/L.,敏捷随机增加+3~15#人生就是这样，除非你S/L。,6000,3000,20,0,,BuffItem,143,"item_5,item_icon_215",0,0,0,19691,19702,0,0,0,0,0,0,0,0,0,0,0,0,0,0,0,0,0,0,0,0,0,0,0,0,0,0,0,0,0,0,0,0,0,0,0,0,0,0,0,0,0
284,道具,Item,Item,Head,土之魂,土之魂,The Terra Soul,土の魂,대지의 혼,土抗性加+3#古老的元素护佑着你，虽然没啥感觉。,土抗性加+3#古老的元素護佑著你，雖然沒啥感覺。,"Earth RES+3#Ancient elements protect you, though you can't really feel it.",土抗性加+3#古老的元素护佑着你，虽然没啥感觉。,6000,3000,2,0,,BuffItem,144,"item_5,item_icon_216",0,0,0,19692,19703,0,0,0,0,0,0,0,0,0,0,0,0,0,0,0,0,0,0,0,0,0,0,0,0,0,0,0,0,0,0,0,0,0,0,0,0,0,0,0,0,0
285,道具,Item,Item,Head,火之魂,火之魂,The Inferno Soul,火の魂,불의 혼,火抗性加+3#古老的元素护佑着你，虽然没啥感觉。,火抗性加+3#古老的元素護佑著你，雖然沒啥感覺。,"Fire RES+3#Ancient elements protect you, though you can't really feel it.",火抗性加+3#古老的元素护佑着你，虽然没啥感觉。,6000,3000,3,0,,BuffItem,145,"item_5,item_icon_217",0,0,0,19693,19704,0,0,0,0,0,0,0,0,0,0,0,0,0,0,0,0,0,0,0,0,0,0,0,0,0,0,0,0,0,0,0,0,0,0,0,0,0,0,0,0,0
286,道具,Item,Item,Head,水之魂,水之魂,The Abyssal Tide Soul,水の魂,물의 혼,水抗性加+3#古老的元素护佑着你，虽然没啥感觉。,水抗性加+3#古老的元素護佑著你，雖然沒啥感覺。,"Water RES+3#Ancient elements protect you, though you can't really feel it.",水抗性加+3#古老的元素护佑着你，虽然没啥感觉。,6000,3000,5,0,,BuffItem,146,"item_5,item_icon_218",0,0,0,19694,19705,0,0,0,0,0,0,0,0,0,0,0,0,0,0,0,0,0,0,0,0,0,0,0,0,0,0,0,0,0,0,0,0,0,0,0,0,0,0,0,0,0
287,道具,Item,Item,Head,风之魂,風之魂,The Tempest Soul,風の魂,바람의 혼,风抗性加+3#古老的元素护佑着你，虽然没啥感觉。,風抗性加+3#古老的元素護佑著你，雖然沒啥感覺。,"Wind RES+3#Ancient elements protect you, though you can't really feel it.",风抗性加+3#古老的元素护佑着你，虽然没啥感觉。,6000,3000,7,0,,BuffItem,147,"item_5,item_icon_219",0,0,0,19695,19706,0,0,0,0,0,0,0,0,0,0,0,0,0,0,0,0,0,0,0,0,0,0,0,0,0,0,0,0,0,0,0,0,0,0,0,0,0,0,0,0,0
288,道具,Item,Item,Head,灵之魂,靈之魂,The Spirit Soul,霊の魂,영혼의 혼,心灵抗性加+3#古老的元素护佑着你，虽然没啥感觉。,心靈抗性加+3#古老的元素護佑著你，雖然沒啥感覺。,"Mind RES+3#Ancient elements protect you, though you can't really feel it.",心灵抗性加+3#古老的元素护佑着你，虽然没啥感觉。,6000,3000,10,0,,BuffItem,148,"item_5,item_icon_220",0,0,0,19696,19707,0,0,0,0,0,0,0,0,0,0,0,0,0,0,0,0,0,0,0,0,0,0,0,0,0,0,0,0,0,0,0,0,0,0,0,0,0,0,0,0,0
289,道具,Item,Item,Head,圣之魂,聖之魂,The Divine Soul,聖の魂,성령의 혼,全抗性加+2#就像古老的汤药，喝了感觉会比较好。,全抗性加+2#就像古老的湯藥，喝了感覺會比較好。,All RES+2#Like an ancient elixir—drinking it just feels better.,全抗性加+2#就像古老的汤药，喝了感觉会比较好。,6000,3000,0,0,,BuffItem,149,"item_5,item_icon_212",0,0,0,19697,19708,0,0,0,0,0,0,0,0,0,0,0,0,0,0,0,0,0,0,0,0,0,0,0,0,0,0,0,0,0,0,0,0,0,0,0,0,0,0,0,0,0
290,道具,Item,Item,Head,霸之魂,霸之魂,The Sovereign Soul,覇の魂,패왕의 혼,攻、防、魔、敏都随机+2~10#吃了它，下一个霸王可能就是你,攻、防、魔、敏都隨機+2~10#吃了它，下一個霸王可能就是你,"ATK/DEF/MATK/SPD randomly +2~10#Eat this, and the next overlord might be you.",攻、防、魔、敏都随机+2~10#吃了它，下一个霸王可能就是你,6000,3000,0,0,,BuffItem,150,"item_5,item_icon_220",0,0,0,19698,19709,0,0,0,0,0,0,0,0,0,0,0,0,0,0,0,0,0,0,0,0,0,0,0,0,0,0,0,0,0,0,0,0,0,0,0,0,0,0,0,0,0
10001,装备,Equip,ImportantProps,PassiveSkillPoisonImmune,雷欧纳德,雷歐納德,Leonard,レオナルド,레오나드,雷欧纳德,雷歐納德,Leonard,雷欧纳德,99999,0,0,0,SwordMan|SwordMaster|SwordKing|BowMan|BowMaster|Priest|PriestMaster|PriestPrincess|Thief|Assassin|Magician|ElfMan|WingWarrior|WindWarrior|BeastWarrior|CrazyWarrior|MutantMonster|EvilMonster|MagicSwordMan|DarkSwordMan|BowKing|ImperialAssassin|ElfQueen|HolyWingAvatar|BeastSoulOverlord|MutantMonster|EvilMonster|DarkBladePrincess,NotSell|NotDrop|NotUse,1000101,,0,0,0,0,0,0,0,0,0,0,0,0,0,0,0,0,0,0,0,0,0,0,0,0,0,0,0,0,0,0,0,0,0,0,0,0,0,0,0,0,0,0,0,0,0,0
10002,装备,Equip,ImportantProps,PassiveSkillWeakenImmune,雷欧纳德,雷歐納德,Leonard,レオナルド,레오나드,雷欧纳德,雷歐納德,Leonard,雷欧纳德,99999,0,0,0,SwordMan|SwordMaster|SwordKing|BowMan|BowMaster|Priest|PriestMaster|PriestPrincess|Thief|Assassin|Magician|ElfMan|WingWarrior|WindWarrior|BeastWarrior|CrazyWarrior|MutantMonster|EvilMonster|MagicSwordMan|DarkSwordMan|BowKing|ImperialAssassin|ElfQueen|HolyWingAvatar|BeastSoulOverlord|MutantMonster|EvilMonster|DarkBladePrincess,NotSell|NotDrop|NotUse,1000201,,0,0,0,0,0,0,0,0,0,0,0,0,0,0,0,0,0,0,0,0,0,0,0,0,0,0,0,0,0,0,0,0,0,0,0,0,0,0,0,0,0,0,0,0,0,0
10003,装备,Equip,ImportantProps,PassiveSkillSilenceImmune,雷欧纳德,雷歐納德,Leonard,レオナルド,레오나드,雷欧纳德,雷歐納德,Leonard,雷欧纳德,99999,0,0,0,SwordMan|SwordMaster|SwordKing|BowMan|BowMaster|Priest|PriestMaster|PriestPrincess|Thief|Assassin|Magician|ElfMan|WingWarrior|WindWarrior|BeastWarrior|CrazyWarrior|MutantMonster|EvilMonster|MagicSwordMan|DarkSwordMan|BowKing|ImperialAssassin|ElfQueen|HolyWingAvatar|BeastSoulOverlord|MutantMonster|EvilMonster|DarkBladePrincess,NotSell|NotDrop|NotUse,1000301,,0,0,0,0,0,0,0,0,0,0,0,0,0,0,0,0,0,0,0,0,0,0,0,0,0,0,0,0,0,0,0,0,0,0,0,0,0,0,0,0,0,0,0,0,0,0
10004,装备,Equip,ImportantProps,PassiveSkillParalysisImmune,雷欧纳德,雷歐納德,Leonard,レオナルド,레오나드,雷欧纳德,雷歐納德,Leonard,雷欧纳德,99999,0,0,0,SwordMan|SwordMaster|SwordKing|BowMan|BowMaster|Priest|PriestMaster|PriestPrincess|Thief|Assassin|Magician|ElfMan|WingWarrior|WindWarrior|BeastWarrior|CrazyWarrior|MutantMonster|EvilMonster|MagicSwordMan|DarkSwordMan|BowKing|ImperialAssassin|ElfQueen|HolyWingAvatar|BeastSoulOverlord|MutantMonster|EvilMonster|DarkBladePrincess,NotSell|NotDrop|NotUse,1000401,,0,0,0,0,0,0,0,0,0,0,0,0,0,0,0,0,0,0,0,0,0,0,0,0,0,0,0,0,0,0,0,0,0,0,0,0,0,0,0,0,0,0,0,0,0,0
10005,装备,Equip,ImportantProps,PassiveSkillDoubleAttack,雷欧纳德,雷歐納德,Leonard,レオナルド,레오나드,雷欧纳德,雷歐納德,Leonard,雷欧纳德,99999,0,0,0,SwordMan|SwordMaster|SwordKing|BowMan|BowMaster|Priest|PriestMaster|PriestPrincess|Thief|Assassin|Magician|ElfMan|WingWarrior|WindWarrior|BeastWarrior|CrazyWarrior|MutantMonster|EvilMonster|MagicSwordMan|DarkSwordMan|BowKing|ImperialAssassin|ElfQueen|HolyWingAvatar|BeastSoulOverlord|MutantMonster|EvilMonster|DarkBladePrincess,NotSell|NotDrop|NotUse,1000501,,0,0,0,0,0,0,0,0,0,0,0,0,0,0,0,0,0,0,0,0,0,0,0,0,0,0,0,0,0,0,0,0,0,0,0,0,0,0,0,0,0,0,0,0,0,0
10006,装备,Equip,ImportantProps,PassiveSkillExtraTurn,雷欧纳德,雷歐納德,Leonard,レオナルド,레오나드,雷欧纳德,雷歐納德,Leonard,雷欧纳德,99999,0,0,0,SwordMan|SwordMaster|SwordKing|BowMan|BowMaster|Priest|PriestMaster|PriestPrincess|Thief|Assassin|Magician|ElfMan|WingWarrior|WindWarrior|BeastWarrior|CrazyWarrior|MutantMonster|EvilMonster|MagicSwordMan|DarkSwordMan|BowKing|ImperialAssassin|ElfQueen|HolyWingAvatar|BeastSoulOverlord|MutantMonster|EvilMonster|DarkBladePrincess,NotSell|NotDrop|NotUse,1000601,,0,0,0,0,0,0,0,0,0,0,0,0,0,0,0,0,0,0,0,0,0,0,0,0,0,0,0,0,0,0,0,0,0,0,0,0,0,0,0,0,0,0,0,0,0,0
10007,装备,Equip,ImportantProps,PassiveSkillFly,雷欧纳德,雷歐納德,Leonard,レオナルド,레오나드,雷欧纳德,雷歐納德,Leonard,雷欧纳德,99999,0,0,0,SwordMan|SwordMaster|SwordKing|BowMan|BowMaster|Priest|PriestMaster|PriestPrincess|Thief|Assassin|Magician|ElfMan|WingWarrior|WindWarrior|BeastWarrior|CrazyWarrior|MutantMonster|EvilMonster|MagicSwordMan|DarkSwordMan|BowKing|ImperialAssassin|ElfQueen|HolyWingAvatar|BeastSoulOverlord|MutantMonster|EvilMonster|DarkBladePrincess,NotSell|NotDrop|NotUse,1000701,,0,0,0,0,0,0,0,0,0,0,0,0,0,0,0,0,0,0,0,0,0,0,0,0,0,0,0,0,0,0,0,0,0,0,0,0,0,0,0,0,0,0,0,0,0,0
10008,装备,Equip,ImportantProps,PassiveSkillBigSize,雷欧纳德,雷歐納德,Leonard,レオナルド,레오나드,雷欧纳德,雷歐納德,Leonard,雷欧纳德,99999,0,0,0,SwordMan|SwordMaster|SwordKing|BowMan|BowMaster|Priest|PriestMaster|PriestPrincess|Thief|Assassin|Magician|ElfMan|WingWarrior|WindWarrior|BeastWarrior|CrazyWarrior|MutantMonster|EvilMonster|MagicSwordMan|DarkSwordMan|BowKing|ImperialAssassin|ElfQueen|HolyWingAvatar|BeastSoulOverlord|MutantMonster|EvilMonster|DarkBladePrincess,NotSell|NotDrop|NotUse,1000801,,0,0,0,0,0,0,0,0,0,0,0,0,0,0,0,0,0,0,0,0,0,0,0,0,0,0,0,0,0,0,0,0,0,0,0,0,0,0,0,0,0,0,0,0,0,0
10009,装备,Equip,ImportantProps,PassiveSkillCastAfterMove,雷欧纳德,雷歐納德,Leonard,レオナルド,레오나드,雷欧纳德,雷歐納德,Leonard,雷欧纳德,99999,0,0,0,SwordMan|SwordMaster|SwordKing|BowMan|BowMaster|Priest|PriestMaster|PriestPrincess|Thief|Assassin|Magician|ElfMan|WingWarrior|WindWarrior|BeastWarrior|CrazyWarrior|MutantMonster|EvilMonster|MagicSwordMan|DarkSwordMan|BowKing|ImperialAssassin|ElfQueen|HolyWingAvatar|BeastSoulOverlord|MutantMonster|EvilMonster|DarkBladePrincess,NotSell|NotDrop|NotUse,1000901,,0,0,0,0,0,0,0,0,0,0,0,0,0,0,0,0,0,0,0,0,0,0,0,0,0,0,0,0,0,0,0,0,0,0,0,0,0,0,0,0,0,0,0,0,0,0
10010,装备,Equip,ImportantProps,PassiveSkillCancelWeaponAttack,雷欧纳德,雷歐納德,Leonard,レオナルド,레오나드,雷欧纳德,雷歐納德,Leonard,雷欧纳德,99999,0,0,0,SwordMan|SwordMaster|SwordKing|BowMan|BowMaster|Priest|PriestMaster|PriestPrincess|Thief|Assassin|Magician|ElfMan|WingWarrior|WindWarrior|BeastWarrior|CrazyWarrior|MutantMonster|EvilMonster|MagicSwordMan|DarkSwordMan|BowKing|ImperialAssassin|ElfQueen|HolyWingAvatar|BeastSoulOverlord|MutantMonster|EvilMonster|DarkBladePrincess,NotSell|NotDrop|NotUse,1001001,,0,0,0,0,0,0,0,0,0,0,0,0,0,0,0,0,0,0,0,0,0,0,0,0,0,0,0,0,0,0,0,0,0,0,0,0,0,0,0,0,0,0,0,0,0,0
10011,装备,Equip,ImportantProps,PassiveSkillNoBackAttack,雷欧纳德,雷歐納德,Leonard,レオナルド,레오나드,雷欧纳德,雷歐納德,Leonard,雷欧纳德,99999,0,0,0,SwordMan|SwordMaster|SwordKing|BowMan|BowMaster|Priest|PriestMaster|PriestPrincess|Thief|Assassin|Magician|ElfMan|WingWarrior|WindWarrior|BeastWarrior|CrazyWarrior|MutantMonster|EvilMonster|MagicSwordMan|DarkSwordMan|BowKing|ImperialAssassin|ElfQueen|HolyWingAvatar|BeastSoulOverlord|MutantMonster|EvilMonster|DarkBladePrincess,NotSell|NotDrop|NotUse,1001101,,0,0,0,0,0,0,0,0,0,0,0,0,0,0,0,0,0,0,0,0,0,0,0,0,0,0,0,0,0,0,0,0,0,0,0,0,0,0,0,0,0,0,0,0,0,0
10012,装备,Equip,ImportantProps,PassiveSkillUnDead,雷欧纳德,雷歐納德,Leonard,レオナルド,레오나드,雷欧纳德,雷歐納德,Leonard,雷欧纳德,99999,0,0,0,SwordMan|SwordMaster|SwordKing|BowMan|BowMaster|Priest|PriestMaster|PriestPrincess|Thief|Assassin|Magician|ElfMan|WingWarrior|WindWarrior|BeastWarrior|CrazyWarrior|MutantMonster|EvilMonster|MagicSwordMan|DarkSwordMan|BowKing|ImperialAssassin|ElfQueen|HolyWingAvatar|BeastSoulOverlord|MutantMonster|EvilMonster|DarkBladePrincess,NotSell|NotDrop|NotUse,1001201,,0,0,0,0,0,0,0,0,0,0,0,0,0,0,0,0,0,0,0,0,0,0,0,0,0,0,0,0,0,0,0,0,0,0,0,0,0,0,0,0,0,0,0,0,0,0
10013,装备,Equip,ImportantProps,PassiveSkillBloodthirsty,雷欧纳德,雷歐納德,Leonard,レオナルド,레오나드,雷欧纳德,雷歐納德,Leonard,雷欧纳德,99999,0,0,0,SwordMan|SwordMaster|SwordKing|BowMan|BowMaster|Priest|PriestMaster|PriestPrincess|Thief|Assassin|Magician|ElfMan|WingWarrior|WindWarrior|BeastWarrior|CrazyWarrior|MutantMonster|EvilMonster|MagicSwordMan|DarkSwordMan|BowKing|ImperialAssassin|ElfQueen|HolyWingAvatar|BeastSoulOverlord|MutantMonster|EvilMonster|DarkBladePrincess,NotSell|NotDrop|NotUse,1001301,,0,0,0,0,0,0,0,0,0,0,0,0,0,0,0,0,0,0,0,0,0,0,0,0,0,0,0,0,0,0,0,0,0,0,0,0,0,0,0,0,0,0,0,0,0,0
10014,装备,Equip,ImportantProps,PassiveSkillKillHeal,雷欧纳德,雷歐納德,Leonard,レオナルド,레오나드,雷欧纳德,雷歐納德,Leonard,雷欧纳德,99999,0,0,0,SwordMan|SwordMaster|SwordKing|BowMan|BowMaster|Priest|PriestMaster|PriestPrincess|Thief|Assassin|Magician|ElfMan|WingWarrior|WindWarrior|BeastWarrior|CrazyWarrior|MutantMonster|EvilMonster|MagicSwordMan|DarkSwordMan|BowKing|ImperialAssassin|ElfQueen|HolyWingAvatar|BeastSoulOverlord|MutantMonster|EvilMonster|DarkBladePrincess,NotSell|NotDrop|NotUse,1001401,,0,0,0,0,0,0,0,0,0,0,0,0,0,0,0,0,0,0,0,0,0,0,0,0,0,0,0,0,0,0,0,0,0,0,0,0,0,0,0,0,0,0,0,0,0,0
10015,装备,Equip,ImportantProps,PassiveSkillKillExtraTurn,雷欧纳德,雷歐納德,Leonard,レオナルド,레오나드,雷欧纳德,雷歐納德,Leonard,雷欧纳德,99999,0,0,0,SwordMan|SwordMaster|SwordKing|BowMan|BowMaster|Priest|PriestMaster|PriestPrincess|Thief|Assassin|Magician|ElfMan|WingWarrior|WindWarrior|BeastWarrior|CrazyWarrior|MutantMonster|EvilMonster|MagicSwordMan|DarkSwordMan|BowKing|ImperialAssassin|ElfQueen|HolyWingAvatar|BeastSoulOverlord|MutantMonster|EvilMonster|DarkBladePrincess,NotSell|NotDrop|NotUse,1001501,,0,0,0,0,0,0,0,0,0,0,0,0,0,0,0,0,0,0,0,0,0,0,0,0,0,0,0,0,0,0,0,0,0,0,0,0,0,0,0,0,0,0,0,0,0,0
10016,装备,Equip,ImportantProps,PassiveSkillHalfManaCost,雷欧纳德,雷歐納德,Leonard,レオナルド,레오나드,雷欧纳德,雷歐納德,Leonard,雷欧纳德,99999,0,0,0,SwordMan|SwordMaster|SwordKing|BowMan|BowMaster|Priest|PriestMaster|PriestPrincess|Thief|Assassin|Magician|ElfMan|WingWarrior|WindWarrior|BeastWarrior|CrazyWarrior|MutantMonster|EvilMonster|MagicSwordMan|DarkSwordMan|BowKing|ImperialAssassin|ElfQueen|HolyWingAvatar|BeastSoulOverlord|MutantMonster|EvilMonster|DarkBladePrincess,NotSell|NotDrop|NotUse,1001601,,0,0,0,0,0,0,0,0,0,0,0,0,0,0,0,0,0,0,0,0,0,0,0,0,0,0,0,0,0,0,0,0,0,0,0,0,0,0,0,0,0,0,0,0,0,0
10017,装备,Equip,ImportantProps,PassiveSkillSufferingPlus,雷欧纳德,雷歐納德,Leonard,レオナルド,레오나드,雷欧纳德,雷歐納德,Leonard,雷欧纳德,99999,0,0,0,SwordMan|SwordMaster|SwordKing|BowMan|BowMaster|Priest|PriestMaster|PriestPrincess|Thief|Assassin|Magician|ElfMan|WingWarrior|WindWarrior|BeastWarrior|CrazyWarrior|MutantMonster|EvilMonster|MagicSwordMan|DarkSwordMan|BowKing|ImperialAssassin|ElfQueen|HolyWingAvatar|BeastSoulOverlord|MutantMonster|EvilMonster|DarkBladePrincess,NotSell|NotDrop|NotUse,1001701,,0,0,0,0,0,0,0,0,0,0,0,0,0,0,0,0,0,0,0,0,0,0,0,0,0,0,0,0,0,0,0,0,0,0,0,0,0,0,0,0,0,0,0,0,0,0
10018,装备,Equip,ImportantProps,PassiveSkillAtkRun,雷欧纳德,雷歐納德,Leonard,レオナルド,레오나드,雷欧纳德,雷歐納德,Leonard,雷欧纳德,99999,0,0,0,SwordMan|SwordMaster|SwordKing|BowMan|BowMaster|Priest|PriestMaster|PriestPrincess|Thief|Assassin|Magician|ElfMan|WingWarrior|WindWarrior|BeastWarrior|CrazyWarrior|MutantMonster|EvilMonster|MagicSwordMan|DarkSwordMan|BowKing|ImperialAssassin|ElfQueen|HolyWingAvatar|BeastSoulOverlord|MutantMonster|EvilMonster|DarkBladePrincess,NotSell|NotDrop|NotUse,1001801,,0,0,0,0,0,0,0,0,0,0,0,0,0,0,0,0,0,0,0,0,0,0,0,0,0,0,0,0,0,0,0,0,0,0,0,0,0,0,0,0,0,0,0,0,0,0
10019,装备,Equip,ImportantProps,PassiveSkillRunPass,雷欧纳德,雷歐納德,Leonard,レオナルド,레오나드,雷欧纳德,雷歐納德,Leonard,雷欧纳德,99999,0,0,0,SwordMan|SwordMaster|SwordKing|BowMan|BowMaster|Priest|PriestMaster|PriestPrincess|Thief|Assassin|Magician|ElfMan|WingWarrior|WindWarrior|BeastWarrior|CrazyWarrior|MutantMonster|EvilMonster|MagicSwordMan|DarkSwordMan|BowKing|ImperialAssassin|ElfQueen|HolyWingAvatar|BeastSoulOverlord|MutantMonster|EvilMonster|DarkBladePrincess,NotSell|NotDrop|NotUse,1001901,,0,0,0,0,0,0,0,0,0,0,0,0,0,0,0,0,0,0,0,0,0,0,0,0,0,0,0,0,0,0,0,0,0,0,0,0,0,0,0,0,0,0,0,0,0,0
10020,装备,Equip,ImportantProps,PassiveSkillGank,雷欧纳德,雷歐納德,Leonard,レオナルド,레오나드,雷欧纳德,雷歐納德,Leonard,雷欧纳德,99999,0,0,0,SwordMan|SwordMaster|SwordKing|BowMan|BowMaster|Priest|PriestMaster|PriestPrincess|Thief|Assassin|Magician|ElfMan|WingWarrior|WindWarrior|BeastWarrior|CrazyWarrior|MutantMonster|EvilMonster|MagicSwordMan|DarkSwordMan|BowKing|ImperialAssassin|ElfQueen|HolyWingAvatar|BeastSoulOverlord|MutantMonster|EvilMonster|DarkBladePrincess,NotSell|NotDrop|NotUse,1002001,,0,0,0,0,0,0,0,0,0,0,0,0,0,0,0,0,0,0,0,0,0,0,0,0,0,0,0,0,0,0,0,0,0,0,0,0,0,0,0,0,0,0,0,0,0,0
10021,装备,Equip,ImportantProps,PassiveSkillGankV2,雷欧纳德,雷歐納德,Leonard,レオナルド,레오나드,雷欧纳德,雷歐納德,Leonard,雷欧纳德,99999,0,0,0,SwordMan|SwordMaster|SwordKing|BowMan|BowMaster|Priest|PriestMaster|PriestPrincess|Thief|Assassin|Magician|ElfMan|WingWarrior|WindWarrior|BeastWarrior|CrazyWarrior|MutantMonster|EvilMonster|MagicSwordMan|DarkSwordMan|BowKing|ImperialAssassin|ElfQueen|HolyWingAvatar|BeastSoulOverlord|MutantMonster|EvilMonster|DarkBladePrincess,NotSell|NotDrop|NotUse,1002101,,0,0,0,0,0,0,0,0,0,0,0,0,0,0,0,0,0,0,0,0,0,0,0,0,0,0,0,0,0,0,0,0,0,0,0,0,0,0,0,0,0,0,0,0,0,0
10022,装备,Equip,ImportantProps,PassiveSkillKeepAddHp,雷欧纳德,雷歐納德,Leonard,レオナルド,레오나드,雷欧纳德,雷歐納德,Leonard,雷欧纳德,99999,0,0,0,SwordMan|SwordMaster|SwordKing|BowMan|BowMaster|Priest|PriestMaster|PriestPrincess|Thief|Assassin|Magician|ElfMan|WingWarrior|WindWarrior|BeastWarrior|CrazyWarrior|MutantMonster|EvilMonster|MagicSwordMan|DarkSwordMan|BowKing|ImperialAssassin|ElfQueen|HolyWingAvatar|BeastSoulOverlord|MutantMonster|EvilMonster|DarkBladePrincess,NotSell|NotDrop|NotUse,1002201,,0,0,0,0,0,0,0,0,0,0,0,0,0,0,0,0,0,0,0,0,0,0,0,0,0,0,0,0,0,0,0,0,0,0,0,0,0,0,0,0,0,0,0,0,0,0
10023,装备,Equip,ImportantProps,PassiveSkillKeepAddMp,雷欧纳德,雷歐納德,Leonard,レオナルド,레오나드,雷欧纳德,雷歐納德,Leonard,雷欧纳德,99999,0,0,0,SwordMan|SwordMaster|SwordKing|BowMan|BowMaster|Priest|PriestMaster|PriestPrincess|Thief|Assassin|Magician|ElfMan|WingWarrior|WindWarrior|BeastWarrior|CrazyWarrior|MutantMonster|EvilMonster|MagicSwordMan|DarkSwordMan|BowKing|ImperialAssassin|ElfQueen|HolyWingAvatar|BeastSoulOverlord|MutantMonster|EvilMonster|DarkBladePrincess,NotSell|NotDrop|NotUse,1002301,,0,0,0,0,0,0,0,0,0,0,0,0,0,0,0,0,0,0,0,0,0,0,0,0,0,0,0,0,0,0,0,0,0,0,0,0,0,0,0,0,0,0,0,0,0,0
10024,装备,Equip,ImportantProps,PassiveSkillBiogasImmune,雷欧纳德,雷歐納德,Leonard,レオナルド,레오나드,雷欧纳德,雷歐納德,Leonard,雷欧纳德,99999,0,0,0,SwordMan|SwordMaster|SwordKing|BowMan|BowMaster|Priest|PriestMaster|PriestPrincess|Thief|Assassin|Magician|ElfMan|WingWarrior|WindWarrior|BeastWarrior|CrazyWarrior|MutantMonster|EvilMonster|MagicSwordMan|DarkSwordMan|BowKing|ImperialAssassin|ElfQueen|HolyWingAvatar|BeastSoulOverlord|MutantMonster|EvilMonster|DarkBladePrincess,NotSell|NotDrop|NotUse,1002401,,0,0,0,0,0,0,0,0,0,0,0,0,0,0,0,0,0,0,0,0,0,0,0,0,0,0,0,0,0,0,0,0,0,0,0,0,0,0,0,0,0,0,0,0,0,0
10025,装备,Equip,ImportantProps,PassiveSkillNoRecycle,雷欧纳德,雷歐納德,Leonard,レオナルド,레오나드,雷欧纳德,雷歐納德,Leonard,雷欧纳德,99999,0,0,0,SwordMan|SwordMaster|SwordKing|BowMan|BowMaster|Priest|PriestMaster|PriestPrincess|Thief|Assassin|Magician|ElfMan|WingWarrior|WindWarrior|BeastWarrior|CrazyWarrior|MutantMonster|EvilMonster|MagicSwordMan|DarkSwordMan|BowKing|ImperialAssassin|ElfQueen|HolyWingAvatar|BeastSoulOverlord|MutantMonster|EvilMonster|DarkBladePrincess,NotSell|NotDrop|NotUse,1002501,,0,0,0,0,0,0,0,0,0,0,0,0,0,0,0,0,0,0,0,0,0,0,0,0,0,0,0,0,0,0,0,0,0,0,0,0,0,0,0,0,0,0,0,0,0,0
10026,装备,Equip,ImportantProps,PassiveSkillFly,雷欧纳德,雷歐納德,Leonard,レオナルド,레오나드,雷欧纳德,雷歐納德,Leonard,雷欧纳德,99999,0,0,0,SwordMan|SwordMaster|SwordKing|BowMan|BowMaster|Priest|PriestMaster|PriestPrincess|Thief|Assassin|Magician|ElfMan|WingWarrior|WindWarrior|BeastWarrior|CrazyWarrior|MutantMonster|EvilMonster|MagicSwordMan|DarkSwordMan|BowKing|ImperialAssassin|ElfQueen|HolyWingAvatar|BeastSoulOverlord|MutantMonster|EvilMonster|DarkBladePrincess,NotSell|NotDrop|NotUse,1002601,,0,0,0,0,0,0,0,0,0,0,0,0,0,0,0,0,0,0,0,0,0,0,0,0,0,0,0,0,0,0,0,0,0,0,0,0,0,0,0,0,0,0,0,0,0,0
10027,装备,Equip,ImportantProps,PassiveSkillKeepAddHp,雷欧纳德,雷歐納德,Leonard,レオナルド,레오나드,雷欧纳德,雷歐納德,Leonard,雷欧纳德,99999,0,0,0,SwordMan|SwordMaster|SwordKing|BowMan|BowMaster|Priest|PriestMaster|PriestPrincess|Thief|Assassin|Magician|ElfMan|WingWarrior|WindWarrior|BeastWarrior|CrazyWarrior|MutantMonster|EvilMonster|MagicSwordMan|DarkSwordMan|BowKing|ImperialAssassin|ElfQueen|HolyWingAvatar|BeastSoulOverlord|MutantMonster|EvilMonster|DarkBladePrincess,NotSell|NotDrop|NotUse,1002701,,0,0,0,0,0,0,0,0,0,0,0,0,0,0,0,0,0,0,0,0,0,0,0,0,0,0,0,0,0,0,0,0,0,0,0,0,0,0,0,0,0,0,0,0,0,0
20000,装备,Equip,ImportantProps,Slot300(版本新增/未映射),雷欧纳德,雷歐納德,Leonard,レオナルド,레오나드,雷欧纳德,雷歐納德,Leonard,雷欧纳德,99999,0,0,0,SwordMan|SwordMaster|SwordKing|BowMan|BowMaster|Priest|PriestMaster|PriestPrincess|Thief|Assassin|Magician|ElfMan|WingWarrior|WindWarrior|BeastWarrior|CrazyWarrior|MutantMonster|EvilMonster|MagicSwordMan|DarkSwordMan|BowKing|ImperialAssassin|ElfQueen|HolyWingAvatar|BeastSoulOverlord|MutantMonster|EvilMonster|DarkBladePrincess,NotSell|NotDrop|NotUse,,,0,0,0,0,0,0,0,0,0,0,0,0,0,0,0,0,0,0,0,0,0,0,0,0,0,0,0,0,0,0,0,0,0,0,0,0,0,0,0,0,0,0,0,0,0,0
20001,装备,Equip,ImportantProps,Slot301(版本新增/未映射),雷欧纳德,雷歐納德,Leonard,レオナルド,레오나드,雷欧纳德,雷歐納德,Leonard,雷欧纳德,99999,0,0,0,SwordMan|SwordMaster|SwordKing|BowMan|BowMaster|Priest|PriestMaster|PriestPrincess|Thief|Assassin|Magician|ElfMan|WingWarrior|WindWarrior|BeastWarrior|CrazyWarrior|MutantMonster|EvilMonster|MagicSwordMan|DarkSwordMan|BowKing|ImperialAssassin|ElfQueen|HolyWingAvatar|BeastSoulOverlord|MutantMonster|EvilMonster|DarkBladePrincess,NotSell|NotDrop|NotUse,,,0,0,0,0,0,0,0,0,0,0,0,0,0,0,0,0,0,0,0,0,0,0,0,0,0,0,0,0,0,0,0,0,0,0,0,0,0,0,0,0,0,0,0,0,0,0
20002,装备,Equip,ImportantProps,Slot302(版本新增/未映射),雷欧纳德,雷歐納德,Leonard,レオナルド,레오나드,雷欧纳德,雷歐納德,Leonard,雷欧纳德,99999,0,0,0,SwordMan|SwordMaster|SwordKing|BowMan|BowMaster|Priest|PriestMaster|PriestPrincess|Thief|Assassin|Magician|ElfMan|WingWarrior|WindWarrior|BeastWarrior|CrazyWarrior|MutantMonster|EvilMonster|MagicSwordMan|DarkSwordMan|BowKing|ImperialAssassin|ElfQueen|HolyWingAvatar|BeastSoulOverlord|MutantMonster|EvilMonster|DarkBladePrincess,NotSell|NotDrop|NotUse,,,0,0,0,0,0,0,0,0,0,0,0,0,0,0,0,0,0,0,0,0,0,0,0,0,0,0,0,0,0,0,0,0,0,0,0,0,0,0,0,0,0,0,0,0,0,0
